번호,소속지회,경로당명,주소
1,남구지회,이천1동경로당,대구광역시 남구 이천로 143-6 (이천동)
2,남구지회,상아경로당,대구광역시 남구 명덕로 236(이천동)
3,남구지회,대동경로당,대구광역시 남구 이천로28길 42-43 (이천동)
4,남구지회,화수경로당,대구광역시 남구 대봉로36길 17 (이천동)
5,남구지회,강변타운경로당,대구광역시 남구 명덕로68길 19 (이천동)
6,남구지회,주공1단지경로당,대구광역시 남구 명덕로68길 77 (이천동)  
7,남구지회,주공2단지경로당,대구광역시 남구 희망로 55 (이천동)  
8,남구지회,희망교대성유니드경로당,대구광역시 남구 희망로5길 12 (이천동)  
9,남구지회,교대역월드메르디앙경로당,대구광역시 남구 이천로19길 68 (이천동)  
10,남구지회,이천뜨란채3.4단지경로당,대구광역시 남구 대봉로26길 37 (이천동)  
11,남구지회,봉덕1동경로당,대구광역시 남구 희망로3길 11-2 (봉덕동)  
12,남구지회,봉명경로당,대구광역시 남구 중앙대로34길 75 (봉덕동)  
13,남구지회,동심경로당,대구광역시 남구 이천로 64-1 (봉덕동)  
14,남구지회,강변코오롱하늘채경로당,대구광역시 남구 봉덕로 134 (봉덕동)  
15,남구지회,효성백년가약경로당,대구광역시 남구 봉덕로 135 (봉덕동)  
16,남구지회,한마음경로당,대구광역시 남구 중앙대로26길 21-1 (봉덕동)  
17,남구지회,한라하우젠트경로당,대구광역시 남구 봉덕로21길 53-16 (봉덕동)  
18,남구지회,봉덕2동경로당,대구광역시 남구 대덕로38길 46-1 (봉덕동)  
19,남구지회,남부경로당,대구광역시 남구 이천로10길 50 (봉덕동)  
20,남구지회,신협경로당,대구광역시 남구 앞산순환로 728 (봉덕동)  
21,남구지회,효성타운경로당,대구광역시 남구 효성중앙길 37 (봉덕동)  
22,남구지회,고산골경로당,대구광역시 남구 용두길 89-1 (봉덕동)  
23,남구지회,앞산힐스테이트경로당,대구광역시 남구 대덕로 166 (봉덕동)  
24,남구지회,래미안웰리스트경로당,대구광역시 남구 효성중앙길 82 (봉덕동)    
25,남구지회,봉덕화성파크드림경로당,대구광역시 남구 대봉로14길 30 (봉덕동)    
26,남구지회,앞산봉덕영무예다음경로당,대구광역시 남구 대봉로 12 (봉덕동)    
27,남구지회,봉삼경로당,대구광역시 남구 삼정4길 89 (봉덕동)    
28,남구지회,목련경로당,대구광역시 남구 봉덕로6길 35-22 (봉덕동)    
29,남구지회,미리내경로당,대구광역시 남구 효성로 15 (봉덕동)    
30,남구지회,대덕효도정경로당,대구광역시 남구 앞산순환로 657 (봉덕동)    
31,남구지회,대덕2차경로당,대구광역시 남구 앞산순환로 655 (봉덕동)    
32,남구지회,보성경로당,대구광역시 남구 삼정2길 99 (봉덕동)    
33,남구지회,상신경로당,대구광역시 남구 효성3길 20 (봉덕동)    
34,남구지회,태성맨션경로당,대구광역시 남구 효서2길 7 (봉덕동)    
35,남구지회,태왕아너스경로당,대구광역시 남구 효서길 53 (봉덕동)    
36,남구지회,대명1동경로당,대구광역시 남구 장전3길 84-3 (대명동)    
37,남구지회,무궁화경로당,대구광역시  남구 현충로23길 23 (대명동)    
38,남구지회,정우경로당,대구광역시 남구 현충로25길 71 (대명동)    
39,남구지회,앵두마을경로당,대구광역시 남구 두류공원로12길 17-25 (대명동)    
40,남구지회,동아대덕경로당,대구광역시 남구 현충서길 29 (대명동)    
41,남구지회,대명2동경로당,대구광역시 남구 삼각지2길 20-11 (대명동)    
42,남구지회,명덕경로당,대구광역시 남구 명덕로38길 51 (대명동)    
43,남구지회,대명8동경로당,대구광역시 남구 영선시장1길 85-1 (대명동)    
44,남구지회,영선경로당,대구광역시 남구 중앙대로50길 40 (대명동)    
45,남구지회,교대역동서프라임경로당,대구광역시 남구 이천로19길 81 (대명동)    
46,남구지회,교대하늘채경로당,대구광역시 남구 중앙대로 187 (대명동)    
47,남구지회,대명3동경로당,대구광역시 남구 명덕로10길 27-1 (대명동)    
48,남구지회,명동경로당,대구광역시 남구 성당로48길 68 (대명동)    
49,남구지회,양지경로당,대구광역시 남구 성당로46길 80-4 (대명동)    
50,남구지회,대덕경로당,대구광역시 남구 삼각지5길 17 (대명동)    
51,남구지회,일심경로당,대구광역시 남구 성명공원길 49 (대명동)    
52,남구지회,대명4동경로당,대구광역시 남구 대경5길 101-2 (대명동)    
53,남구지회,명오당경로당,대구광역시 남구 대명로58길 11 (대명동)    
54,남구지회,기로회경로당,대구광역시 남구 대명로49길 77 (대명동)    
55,남구지회,대우경로당,대구광역시 남구 안지랑로7길 14-3 (대명동)    
56,남구지회,대복경로당,대구광역시 남구 대명로20길 28 (대명동)    
57,남구지회,골안경로당,대구광역시 남구 골안길 33-1 (대명동)    
58,남구지회,뉴코스모스경로당,대구광역시 남구 대명로10길 6 (대명동)    
59,남구지회,코스모스경로당,대구광역시 남구 대명로 42 (대명동)    
60,남구지회,대명역센트럴엘리프경로당,대구광역시 남구 대명로14길 60 (대명동)    
61,남구지회,대명9동경로당,대구광역시 남구 큰골길 53 (대명동)    
62,남구지회,청록타운경로당,대구광역시 남구 큰골길 198 (대명동)    
63,남구지회,남덕경로당,대구광역시 남구 현충로7길 42-4 (대명동)    
64,남구지회,대명10동경로당,대구광역시 남구 도촌길 150 (대명동)    
65,남구지회,파크맨션경로당,대구광역시 남구 대명복개로 230 (대명동)    
66,남구지회,명성경로당,대구광역시 남구 두류공원로5길 42-8 (대명동)    
67,남구지회,개나리맨션경로당,대구광역시 남구 대명로 117 (대명동)    
68,남구지회,대명11동경로당,대구광역시 남구 대명역6길 48 (대명동)    
69,남구지회,대현경로당,대구광역시 남구 앞산순환로63길 74-5 (대명동)    
70,남구지회,관문경로당,대구광역시 남구 관문시장6길 7-4 (대명동)    
71,달서구지회,삼성,대구광역시 달서구 성당로33안길23(성당동) 
72,달서구지회,성당동 제1,대구광역시 달서구 대명천로12안길47(성당동) 
73,달서구지회,성당에덴타운,"대구광역시 달서구 성당로33길16(성당동,성당에덴) "
74,달서구지회,성당,대구광역시 달서구 장기로10안길15(성당동) 
75,달서구지회,용산롯데캐슬그랜드,"대구광역시 달서구 장산남로33(용산동,롯데캐슬그랜드) "
76,달서구지회,롯데캐슬레이크,"대구광역시 달서구 상화로58길86(도원동,롯데캐슬) "
77,달서구지회,라일락,"대구광역시 달서구 장기로26길30(성당동,라일락) "
78,달서구지회,성당동 제2,대구광역시 달서구 야외음악당로9길 45(성당동) 
79,달서구지회,원화,대구광역시 달서구 장기로26길81(성당동) 
80,달서구지회,용산1차서한화성,"대구광역시 달서구 장산로10(용산동,용산1차서한화성) "
81,달서구지회,상이군경회달서,대구광역시 달서구 야외음악당로2길25(성당동) 
82,달서구지회,두류1동,대구광역시 달서구 두류남6길16(두류동) 
83,달서구지회,신호,대구광역시 달서구 야외음악당로47길158(두류동) 
84,달서구지회,대성,대구광역시 달서구 두류공원로50길34(두류동) 
85,달서구지회,신촌,대구광역시 달서구 밤골4길17(두류동) 
86,달서구지회,금봉,대구광역시 달서구 야외음악당로39서길91-10(두류동) 
87,달서구지회,호림,대구광역시 달서구 호산동로35길42-10(호산동) 
88,달서구지회,영남네오빌파크,"대구광역시 달서구 한들로36(장기동,영남네오빌파크) "
89,달서구지회,죽전그린빌,"대구광역시 달서구 와룡로53길40(죽전동,죽전그린빌) "
90,달서구지회,아카시아,"대구광역시 달서구 대명천로153(본리동,아카시아) "
91,달서구지회,비스타,대구광역시 달서구 대명천로250(장기동) 
92,달서구지회,우방아파트(성당),"대구광역시 달서구 구마로171(본리동,성당우방) "
93,달서구지회,더샵달서센트럴,대구광역시 달서구 당산로17(본리동) 
94,달서구지회,장기주공아파트,"대구광역시 달서구 용산로88(장기동,장기아파트) "
95,달서구지회,삼리,대구광역시 달서구 와룡로24길34(본리동) 
96,달서구지회,구마아파트여자,"대구광역시 달서구 대명천로51길56(본리동,구마아파트) "
97,달서구지회,수림원,대구광역시 달서구 감삼길71-18(감삼동) 
98,달서구지회,솔고개,대구광역시 달서구 월배로67안길14(송현동) 
99,달서구지회,감삼제1,대구광역시 달서구 감삼남6길 41-1(감삼동) 
100,달서구지회,감삼제2,대구광역시 달서구  감삼1길 96(감삼동) 
101,달서구지회,수목원풍경그린,"대구광역시 달서구 갈밭남로64(대곡동,수목원풍경그린) "
102,달서구지회,죽전,대구광역시 달서구 와룡로52안길 45 (죽전동) 
103,달서구지회,춘추,대구광역시 달서구 와룡로49길18-17(죽전동) 
104,달서구지회,청학정,"대구광역시 달서구 달구벌대로323길39(감삼동,청실아파트) "
105,달서구지회,감삼농림,대구광역시 달서구 당산로 41서길22-5(감삼동) 
106,달서구지회,서촌,대구광역시 달서구  새방로23-16(용산동) 
107,달서구지회,장기동,대구광역시 달서구  문화회관 2길18(장기동) 
108,달서구지회,용산,대구광역시 달서구  와룡로 57길 100(용산동) 
109,달서구지회,성서용산,"대구광역시 달서구  성서동로350(용산동,동화평광협화타운) "
110,달서구지회,성서보람타운,"대구광역시 달서구 새동네로 34(용산동,성서보람) "
111,달서구지회,용산우방,"대구광역시 달서구  용산로 174(용산동,용산우방) "
112,달서구지회,우방죽전타운,"대구광역시 달서구 용산로 160(용산동,우방죽전) "
113,달서구지회,성서1차영남우방,"대구광역시 달서구 성지로 11(용산동,성서1차영남우방타운) "
114,달서구지회,성서청구타운,"대구광역시 달서구 성지로 75(용산동,성서청구) "
115,달서구지회,용산새동네,대구광역시 달서구 성지로 16길45(용산동) 
116,달서구지회,성서2차 보성,"대구광역시 달서구 선원로 241(용산동,보성) "
117,달서구지회,성서주공5,"대구광역시 달서구 선원남로 181(용산동,성서주공5) "
118,달서구지회,성서주공6-1,대구광역시 달서구 성지로 35(용산동 성서주공6-1) 
119,달서구지회,성서주공7,"대구광역시 달서구 성지로 12(용산동,성서주공7) "
120,달서구지회,성서주공8,"대구광역시 달서구 성지로 42(용산동,성서주공8) "
121,달서구지회,성서2차영남우방,"대구광역시 달서구 이곡공원로 83(용산동,영남우방) "
122,달서구지회,궁전,대구광역시 달서구 장기로221-6(장기동) 
123,달서구지회,성서,대구광역시 달서구 성서로 72길 97-13(이곡동) 
124,달서구지회,와룡타운,"대구광역시 달서구 이곡동로 32(이곡동,와룡타운) "
125,달서구지회,대백창신한라,"대구광역시 달서구 성서서로 316(이곡동, 성서대백창신한라) "
126,달서구지회,성서보성화성,"대구광역시 달서구 계대동문로 99(이곡동,성서보성화성타운) "
127,달서구지회,청남타운,"대구광역시 달서구 성서서로 330(이곡동,성서청남타운) "
128,달서구지회,성서우방,"대구광역시 달서구 계대동문로 123(이곡동, 성서우방타운) "
129,달서구지회,동서서한,대구광역시 달서구 선원로 100(이곡동 성서동서서한) 
130,달서구지회,성서주공4,"대구광역시 달서구 성서동로 355-27(이곡동, 성서4주공아파트) "
131,달서구지회,이곡서한2차,"대구광역시 달서구 선원로 122(이곡동, 서한타운) "
132,달서구지회,성서동서화성,"대구광역시 달서구 이곡공원로33(이곡동,성서동서화성) "
133,달서구지회,성서한샘타운,"대구광역시 달서구 선원남로 77(이곡동, 한샘아파트) "
134,달서구지회,성서푸른마을,"대구광역시 달서구 선원로137(이곡동,성서푸른마을) "
135,달서구지회,성서2차 화성타운,"대구광역시 달서구 성서동로 355-20(이곡동,화성타운) "
136,달서구지회,성서무지개타운,"대구광역시 달서구 선원로 171(이곡동,한라무지개타운) "
137,달서구지회,한빛마을,"대구광역시 달서구 선원남로 99(이곡동,한빛마을) "
138,달서구지회,이곡 ,대구광역시 달서구 이곡공원로 1길 7(이곡동) 
139,달서구지회,산호,대구광역시 달서구 달구벌대로 203길 3(호산동) 
140,달서구지회,장기초록나라,"대구광역시 달서구 한들로 55(장기동,장기초록나라) "
141,달서구지회,신당,대구광역시 달서구 서당로 12길 15(신당동) 
142,달서구지회,삼우,대구광역시 달서구 서당로7길 33-16(신당동) 
143,달서구지회,성서주공2단지,"대구광역시 달서구 신당로 55(신당동,성서주공2단지) "
144,달서구지회,오정,대구광역시 달서구 성서서로73길 57(신당동) 
145,달서구지회,와룡 ,대구광역시 달서구 성서서로75길 17-7(신당동)  
146,달서구지회,성산,대구광역시 달서구 서당로3길 19-10(신당동) 
147,달서구지회,월배쌍용예가,"대구광역시 달서구 조암남로32길 13(유천동, 월배 쌍용 예가) "
148,달서구지회,조암,대구광역시 달서구 조암남로14안길 40(월성동) 
149,달서구지회,율지,대구광역시 달서구 달구벌대로 1312-8(이곡동) 
150,달서구지회,월성화성,"대구광역시 달서구  학산로 2길 27(월성동, 월성화성타운) "
151,달서구지회,1차보성,"대구광역시 달서구  학산로30(월성동,월성보성1단지) "
152,달서구지회,월성우방,"대구광역시 달서구  학산로2길 11(월성동, 월성우방타운) "
153,달서구지회,월성청구,"대구광역시 달서구  학산로2길 24(월성동, 월성청구아파트) "
154,달서구지회,월성영남,"대구광역시 달서구  학산로2길39(월성동,월성영남맨션) "
155,달서구지회,월성백일주공1,대구광역시 달서구  월곡로 94길 30(월성동 월성주공1) 
156,달서구지회,월성동서,대구광역시 달서구  학산로 7길 5(월성동 동서타운) 
157,달서구지회,2차보성,대구광역시 달서구  학산로 7길 27(월성동 보성2단지) 
158,달서구지회,서한타운,"대구광역시 달서구  학산로15(월성동,서한타운) "
159,달서구지회,월성주공4,"대구광역시 달서구  구마로14남길55(월성동,월성주공4) "
160,달서구지회,월배,대구광역시 달서구  상화로7길 121(진천동) 
161,달서구지회,월진,대구광역시 달서구  월배로 117(진천동) 
162,달서구지회,대곡,대구광역시 달서구  한실로6길 103(대곡동) 
163,달서구지회,신정,대구광역시 달서구  상화로9길 81-17(진천동) 
164,달서구지회,귀빈,"대구광역시 달서구  월배로 32안길61(진천동,귀빈아파트) "
165,달서구지회,동백만수당,대구광역시 달서구  월배로32안길 35(진천동) 
166,달서구지회,삼정브리티시용산,"대구광역시 달서구 달구벌대로 1530(감삼동, 삼정브리티시용산) "
167,달서구지회,대곡금강,"대구광역시 달서구  비슬로540길 38(대곡동, 금강아파트)  "
168,달서구지회,대곡금강2,"대구광역시 달서구  비슬로540길 14(대곡동, 금강아파트) "
169,달서구지회,진천귀빈2차,"대구광역시 달서구  월배로32안길 66(진천동, 월배2차귀빈타운) "
170,달서구지회,대곡청구,"대구광역시 달서구  상화로8길 26(대곡동, 대곡청구아파트)  "
171,달서구지회,진천현대,"대구광역시 달서구  상화북로5길 39(진천동, 현대아파트) "
172,달서구지회,진천우방,"대구광역시 달서구  진천로 4길39(진천동,진천우방맨션) "
173,달서구지회,대곡우방,"대구광역시 달서구  비슬로538길22(대곡동,우방타운) "
174,달서구지회,월배동화타운,"대구광역시 달서구  상화로24(대곡동,월배동화타운) "
175,달서구지회,진천청구,"대구광역시 달서구  진천로 41(진천동, 진천청구타운) "
176,달서구지회,진천,대구광역시 달서구  상화북로 46-1(진천동)  
177,달서구지회,현대2차,"대구광역시 달서구  월배로14길 43(진천동, 진천역현대2차아파트) "
178,달서구지회,진천제림하나로,"대구광역시 달서구  상화로 21길 55(진천동,제림하나로) "
179,달서구지회,유천화성타운,"대구광역시 달서구  비슬로 2731(유천동,유천화성타운) "
180,달서구지회,세광그린맨션,"대구광역시 달서구  진천로7길 47(진천동, 세광그린타운) "
181,달서구지회,달맞이맨션,"대구광역시 달서구  월배로 30(진천동,달맞이맨션) "
182,달서구지회,월촌,대구광역시 달서구  상인서로10길 42-1(상인동) 
183,달서구지회,대곡한라하우젠트,"대구광역시 달서구  비슬로 2724(대곡동, 대곡한라하우젠트) "
184,달서구지회,모아엘가파크뷰,대구광역시 달서구 상화북로162(상인동) 
185,달서구지회,영남화성,"대구광역시 달서구  상인서로 76(상인동,화성아파트) "
186,달서구지회,상인동서,"대구광역시 달서구  상인서로 39(상인동,동서아파트) "
187,달서구지회,상인보성,"대구광역시 달서구  상인서로 75(상인동,보성아파트) "
188,달서구지회,상인동방현대,"대구광역시 달서구  상인서로 85(상인동,동방현대) "
189,달서구지회,보성은하타운,"대구광역시 달서구  월곡로 320(상인동,보성은하아파트)  "
190,달서구지회,동화태왕한양,"대구광역시 달서구  상인서로 94(상인동,동화태왕한양) "
191,달서구지회,상인서한,"대구광역시 달서구  상인서로 46(상인동,상인서한) "
192,달서구지회,상인우방,"대구광역시 달서구  상인서로65(상인동,우방타운) "
193,달서구지회,성지맨션,"대구광역시 달서구  상화북로 195(상인동,성지맨션) "
194,달서구지회,상인청구,"대구광역시 달서구  상인로 105(상인동,청구아파트) "
195,달서구지회,월평,대구광역시 달서구  월배로 40길27-21(상인동) 
196,달서구지회,월곡,대구광역시 달서구  월곡로27길30(상인동) 
197,달서구지회,진천코오롱하늘채,"대구광역시 달서구  상화로 65(진천동,코오롱하늘채) "
198,달서구지회,낙원,"대구광역시 달서구  월곡로45길49(상인동,낙원아파트) "
199,달서구지회,서한이다음레이크뷰,"대구광역시 달서구 상화로58길35(도원동,서한이다음레이크뷰) "
200,달서구지회,산호타운,"대구광역시 달서구  상화북로 159(상인동,산호타운) "
201,달서구지회,한양은하,"대구광역시 달서구  상화북로 137(상인동,한양은하) "
202,달서구지회,청자,"대구광역시 달서구  상화북로117(상인동,우방청자) "
203,달서구지회,삼미타운,"대구광역시 달서구  월배로34길 27(상인동,삼미아파트) "
204,달서구지회,상인동화아이위시,"대구광역시 달서구  월곡로171(상인동,보라맨션) "
205,달서구지회,월상,대구광역시 달서구  상원로13길 23-17(상인동)  
206,달서구지회,상인은행,"대구광역시 달서구  월곡로 112(상인동,은행아파트)  "
207,달서구지회,상인제림,"대구광역시 달서구  상화북로196(상인동,상인제림) "
208,달서구지회,장미4단지,"대구광역시 달서구  상화로 380(상인동, 장미아파트) "
209,달서구지회,장미3단지,"대구광역시 달서구  상화로 370(상인동,장미3단지) "
210,달서구지회,비둘기할머니,"대구광역시 달서구  상화로 371(상인동,비둘기1단지) "
211,달서구지회,비둘기아파트,"대구광역시 달서구  상화로 373(상인동,비둘기아파트) "
212,달서구지회,상인평광,"대구광역시 달서구  상인서로 3(상인동,상인평광) "
213,달서구지회,채정,대구광역시 달서구 상인로9안길 69(상인동)  
214,달서구지회,도원,대구광역시 달서구  수밭길 46(도원동) 
215,달서구지회,산새마을,"대구광역시 달서구  도원남로 40(도원동, 산새마을) "
216,달서구지회,별메마을,"대구광역시 달서구  도원로46(도원동,별메마을)  "
217,달서구지회,한실들마을1,"대구광역시 달서구  한실로 49(도원동, 한실들마을1) "
218,달서구지회,한실들마을2,"대구광역시 달서구  한실로 49(도원동, 한실들마을2) "
219,달서구지회,가람마을1,"대구광역시 달서구  한실로 135(도원동,가람마을1) "
220,달서구지회,아람마을,"대구광역시 달서구  한실로30(도원동,아람마을) "
221,달서구지회,가람마을2,"대구광역시 달서구  한실로135(도원동,가람마을2) "
222,달서구지회,나래마을,"대구광역시 달서구  한실로29(도원동,나래마을) "
223,달서구지회,대곡사계절,"대구광역시 달서구  한실로117(도원동,대곡사계절타운) "
224,달서구지회,대곡강산타운,"대구광역시 달서구  도원로 45(도원동,강산타운) "
225,달서구지회,해맞이타운,"대구광역시 달서구  월배로 420(송현동,해맞이타운) "
226,달서구지회,송공,대구광역시 달서구  월배로68안길 43-7 (송현동) 
227,달서구지회,송영,대구광역시 달서구  중흥로16길84-12(송현동) 
228,달서구지회,송곡,대구광역시 달서구  앞산순환로 61길14(송현동) 
229,달서구지회,장관빌라,"대구광역시 달서구  중흥로 68(송현동, 장관빌라) "
230,달서구지회,월성분회,"대구광역시 달서구  송현로16길43(송현동,월성아파트) "
231,달서구지회,서부분회,"대구광역시 달서구 송현로 161(송현동,송현아파트) "
232,달서구지회,청구그린1,"대구광역시 달서구  구마로40길 21(송현동, 그린맨션아파트) "
233,달서구지회,구암,대구광역시 달서구  월배로75길 50-12(송현동) 
234,달서구지회,송현우방,"대구광역시 달서구  송현로 103(송현동,송현우방맨션) "
235,달서구지회,본동,대구광역시 달서구  와룡로 4길19(본동) 
236,달서구지회,청구그린2차,"대구광역시 달서구  구마로36길 20(본동,청구그린2차) "
237,달서구지회,청구그린3차,"대구광역시 달서구  구마로36길33(본동,청구그린3차) "
238,달서구지회,월성주공5단지,"대구광역시 달서구  구마로 12길 89(본동, 월성주공5단지) "
239,달서구지회,미리샘마을,"대구광역시 달서구  한실로134(도원동,미리샘마을) "
240,달서구지회,상인2동,대구광역시 달서구  월곡로53서길 70 (상인동) 
241,달서구지회,대곡청구제네스,"대구광역시 달서구  상화로90(대곡동,대곡청구제네스) "
242,달서구지회,한마음타운,"대구광역시 달서구  선원남로151(용산동,한마음아파트) "
243,달서구지회,용산우방미진태왕타운,"대구광역시 달서구  용산서로21(용산동,용산미진태왕) "
244,달서구지회,성서주공6,"대구광역시 달서구  성지로 35(용산동,성서주공6) "
245,달서구지회,용산동서우방,"대구광역시 달서구  장산로 20(용산동,용산동서우방) "
246,달서구지회,용산2차서한화성,"대구광역시 달서구  용산큰못길30(용산동,용산2차서한화성) "
247,달서구지회,화성하이츠,"대구광역시 달서구  월배로 245(상인동,화성하이츠) "
248,달서구지회,삼성한국형A,"대구광역시 달서구  호산로 126(호산동,삼성한국형) "
249,달서구지회,용산영남타운,"대구광역시 달서구  용산로 266(용산동,용산영남타운) "
250,달서구지회,용산2차우방타운,"대구광역시 달서구  용산서로38(용산동,용산2차우방타운) "
251,달서구지회,용산세광태왕2차타운,"대구광역시 달서구  용산서로 9(용산동, 용산세광그린빌) "
252,달서구지회,용산현대우방타운,"대구광역시 달서구  용산로 253(용산동,용산현대우방) "
253,달서구지회,용산보성타운,"대구광역시 달서구  용산서로 37(용산동,용산보성타운) "
254,달서구지회,용산청구타운,"대구광역시 달서구  용산서로 22(용산동,용산청구타운) "
255,달서구지회,삼성명가타운,"대구광역시 달서구  호산로 125(파호동,삼성명가타운) "
256,달서구지회,우방송현하이츠,"대구광역시 달서구  학산남로 90(송현동, 우방송현하이츠) "
257,달서구지회,배실,대구광역시 달서구  선원로23남길 54(이곡동) 
258,달서구지회,월촌화성타운,"대구광역시 달서구  송현로7길 41(상인동, 월촌화성타운) "
259,달서구지회,사령봉,대구광역시 달서구  달구벌대로245길 17-12(이곡동)  
260,달서구지회,용산청구블루빌타운,"대구광역시 달서구  용산로254(용산동,용산블루빌타운) "
261,달서구지회,용산파크타운,"대구광역시 달서구  용산로 259(용산동, 용산파크타운) "
262,달서구지회,성서3차동서타운,대구광역시 달서구  이곡공원로 49(이곡동 성서3차동서타운) 
263,달서구지회,삼성래미안,"대구광역시 달서구  상화로 8길 23(대곡동,삼성래미안) "
264,달서구지회,동화로즈빌,"대구광역시 달서구  죽전1길82(죽전동,동화로즈빌) "
265,달서구지회,송현,대구광역시 달서구  구마로 52안길 18(송현동) 
266,달서구지회,장기파랑새마을,"대구광역시 달서구  한들로 70(장기동,장기파랑새마을) "
267,달서구지회,삼성래미안2차아파트,"대구광역시 달서구  상화로 86(대곡동,삼성래미안2차) "
268,달서구지회,두류보성맨션,"대구광역시 달서구  두류6길 9(두류동,보성맨션) "
269,달서구지회,삼정그린빌,"대구광역시 달서구  야외음악당로 39길54(두류동,삼정그린빌) "
270,달서구지회,우방드림시티,"대구광역시 달서구  장기로 242(감삼동,우방드림시티) "
271,달서구지회,장동,대구광역시 달서구  성서공단로 61길45(장동) 
272,달서구지회,두류3동,"대구광역시 달서구  야외음악당로 39길54 (두류동,삼정그린빌아파트) "
273,달서구지회,장기누림타운,"대구광역시 달서구  한들로 31(장기동,누림타운) "
274,달서구지회,대곡이오스,"대구광역시 달서구  비슬로 550길 38(대곡동,대곡이오스) "
275,달서구지회,청구제네스,"대구광역시 달서구  월배로 340(송현동,청구제네스) "
276,달서구지회,이안진천아파트,대구광역시 달서구  진천로 18길 10(진천동 이안진천) 
277,달서구지회,신당한화꿈에그린,"대구광역시 달서구  달서대로 719(신당동,신당한화꿈에그린) "
278,달서구지회,대남,대구광역시 달서구  앞산순환로 39안길11 (송현동) 
279,달서구지회,늘품,대구광역시 달서구  선원로33길 79-8(이곡동)  
280,달서구지회,포스코더샾,"대구광역시 달서구  월서로 51(진천동,월배역포스코더샾) "
281,달서구지회,월성동삼성래미안,"대구광역시 달서구  상원로143(월성동,삼성래미안) "
282,달서구지회,유천포스코더샾,"대구광역시 달서구  달서대로67(유천동,유천포스코더샾) "
283,달서구지회,태왕아너스월성아파트,대구광역시 달서구  조암남로 24(월성동 태왕아너스월성) 
284,달서구지회,월성자이아파트,"대구광역시 달서구  조암남로10길 21(월성동, 월성 자이 아파트) "
285,달서구지회,월성코오롱하늘채,"대구광역시 달서구  조암남로 16길19(월성동,코오롱하늘채1단지) "
286,달서구지회,상인신일해피트리,"대구광역시 달서구  월서로 31(상인동,신일해피트리) "
287,달서구지회,이곡2동,대구광역시 달서구  선원로23길 77(이곡동) 
288,달서구지회,성당코오롱하늘채,"대구광역시 달서구  장기로 160(감삼동,성당코오롱하늘채) "
289,달서구지회,상인자이,"대구광역시 달서구  상원로 142(상인동, 상인자이) "
290,달서구지회,당산,대구광역시 달서구  선원로15안길41 (신당동) 
291,달서구지회,진천트윈팰리스,"대구광역시 달서구  월배로 71(진천동, 진천트윈팰리스) "
292,달서구지회,진천역화성파크리젠시,"대구광역시 달서구  월배로11길9-16(유천동,화성파크리젠시2단지) "
293,달서구지회,상인대성스카이렉스,"대구광역시 달서구  월배로183(상인동,상인대성스카이렉스) "
294,달서구지회,성당래미안e편한세상2단지,"대구광역시 달서구  장기로 145(본리동,성당래미안e편한세상) "
295,달서구지회,성서우방유쉘,"대구광역시 달서구  달구벌대로 995(파호동, 성서우방유쉘) "
296,달서구지회,대곡역화성파크드림,"대구광역시 달서구  달서대로 41(유천동,화성파크드림) "
297,달서구지회,본리롯데캐슬1차,"대구광역시 달서구  대명천로 101(본리동, 본리롯데캐슬) "
298,달서구지회,상인중석타운,"대구광역시 달서구  월곡로 291(상인동,중석타운) "
299,달서구지회,성당포스코더샾,"대구광역시 달서구  장기로115(성당동,성당동더샾) "
300,달서구지회,성당래미안e편한세상1단지,"대구광역시 달서구  장기로 189(본리동,래미안e편한세상1) "
301,달서구지회,월성푸르지오,"대구광역시 달서구  조암로6길20(월성동,월성푸르지오) "
302,달서구지회,성당래미안e편한세상3단지,"대구광역시 달서구  장기로 127(성당동,성당래미안e편한세상) "
303,달서구지회,상인역 e편한세상,"대구광역시 달서구 월서로14, 월서로3길15(상인동,상인역e편한세상1,2) "
304,달서구지회,감삼친화,대구광역시 달서구  당산로187(감삼동) 
305,달서구지회,진천태왕아너스,"대구광역시 달서구  상화로5길23(진천동,태왕아너스1단지) "
306,달서구지회,본리 2차롯데캐슬,"대구광역시 달서구  대명천로 119(본리동,2차롯데캐슬) "
307,달서구지회,월배힐스테이트,"대구광역시 달서구  조암남로132(대천동,월배힐스테이트) "
308,달서구지회,성당두산위브,"대구광역시 달서구  당산로82(성당동,두산위브)  "
309,달서구지회,신서,대구광역시 달서구  서당로9길 34-18 (신당동) 
310,달서구지회,상인화성파크드림1단지,"대구광역시 달서구  송현로 7길 10(상인동,화성파크드림1) "
311,달서구지회,상인화성파크드림2단지,"대구광역시 달서구  송현로7길 9(상인동,화성파크드림2) "
312,달서구지회,학산,"대구광역시 달서구  월성로77(월성동,월성주공2) "
313,달서구지회,월성코오롱하늘채2단지,"대구광역시 달서구  조암남로16길20(월성동,코오롱하늘채2단지) "
314,달서구지회,진천역대성스카이렉스 ,"대구광역시 달서구  월배로 80(진천동,진천역대성스카이렉스) "
315,달서구지회,월성 e편한세상,"대구광역시 달서구  조암남로 10(월성동,월성e편한세상) "
316,달서구지회,상인푸르지오,"대구광역시 달서구  상화로 235(상인동, 대구상인푸르지오) "
317,달서구지회,진천태왕아너스2단지,"대구광역시 달서구 상화로 5길 24(진천동, 진천태왕아너스) "
318,달서구지회,월드마크,"대구광역시 달서구 와룡로 169(감삼동,월드마크웨스트엔드) "
319,달서구지회,월성태왕아너스베스트,"대구광역시 달서구  월배로33길 117(월성동, 태왕 아너스 BEST) "
320,달서구지회,진천역계룡리슈빌,"대구광역시 달서구 진천로77(진천동,진천역계룡리슈빌아파트) "
321,달서구지회,성당동 제3,대구광역시 달서구 야외음악당로 2길3(성당동) 
322,달서구지회,상인KCC스위첸,"대구광역시 달서구 월배로39길 26(상인동,상인역KCC스위첸) "
323,달서구지회,이안월배아파트,"대구광역시 달서구  조암남로116(대천동, 이안월배아파트) "
324,달서구지회,진천역AK그랑폴리스,"대구광역시 달서구 월배로 11길 33(유천동,진천역AK그랑폴리스) "
325,달서구지회,가무내,대구광역시 달서구 학산로 19길 55(본동) 
326,달서구지회,대곡역화성파크드림위드,대구광역시 달서구 비슬로2734(대곡동) 
327,달서구지회,월배1차아이파크,"대구광역시 달서구 조암남로182(유천동, 대구월배아이파크) "
328,달서구지회,용산제2,대구광역시 달서구 용산로 205(용산동) 
329,달서구지회,능골,대구광역시 달서구 성서동로60길16(장기동) 
330,달서구지회,월배e편한세상,대구광역시 달서구 월성로132(월성동) 
331,달서구지회,소나무,대구광역시 달서구 송현동4길31(송현동) 
332,달서구지회,감삼제3,대구광역시 달서구 달구벌대로330길 31(감삼동) 
333,달서구지회,월배2차 아이파크,대구광역시 달서구 월배로5길76(유천동) 
334,달서구지회,용전,대구광역시 달서구 와룡로43길66-7(용산동) 
335,달서구지회,협성휴포레월성,대구광역시 달서구 조암로10길11(월성동) 
336,달서구지회,본리,대구광역시 달서구 용산로4안길 23(본리동) 
337,달서구지회,수목원제일풍경채,대구광역시 달서구 갈밭남로12(대곡동) 
338,달서구지회,수목원서한이다음,대구광역시 달서구 한실로6길123(대곡동) 
339,달서구지회,대곡천년나무,대구광역시 달서구 갈밭로33(대곡동) 
340,달서구지회,월성수복정,"대구광역시 달서구 학산로7길 39(월성동, 월성주공3단지아파트) "
341,달서구지회,수목원호정포레스트,대구광역시 달서구 갈밭남로17(대곡동) 
342,달서구지회,월배삼정그린코아포레스트,대구광역시 달서구 조암남로32길40(유천동) 
343,달서구지회,죽전역코오롱하늘채,"대구광역시 달서구 용산로12길77(장기동, 죽전역코오롱하늘채) "
344,달서구지회,월성월드메르디앙,"대구광역시 달서구 조암로6길19(월성동,월성월드메르디앙아파트) "
345,달서구지회,두류파크KCC스위첸,대구광역시 달서구 파도고개로70(두류동) 
346,달서구지회,성서종합사회복지관(성서주공1단지),"대구광역시 달서구 신당로 56(신당동, 성서1단지아파트) "
347,달서구지회,신당종합사회복지관(성서주공3단지),"대구광역시 달서구 신당로 55(신당동, 성서3단지아파트) "
348,달서구지회,본동종합사회복지관(본동복지관경로당),"대구광역시 달서구 송현로 113(송현동, 본동주공1차아파트) "
349,달성군지회,화원읍노인회 경로당,대구광역시 달성군 화원읍 명천로 171  
350,달성군지회,천내1리 경로당,대구광역시 달성군 화원읍 명천로33길 12  
351,달성군지회,천내2리 경로당,대구광역시 달성군 화원읍 인흥길 17-8  
352,달성군지회,천내3리 경로당,대구광역시 달성군 화원읍 명천로19길 29-3  
353,달성군지회,천내4리 경로당(영남아파트),대구광역시 달성군 화원읍 화원로 10  
354,달성군지회,천내5리 경로당(동산아파트),대구광역시 달성군 화원읍 비슬로525길 21  
355,달성군지회,천내6리 경로당(현대연립아파트),대구광역시 달성군 화원읍 비슬로525길 2  
356,달성군지회,천내7리 경로당,대구광역시 달성군 화원읍 비슬로525길 10(천내리 55)  
357,달성군지회,천내8리 경로당(평광2차아파트),대구광역시 달성군 화원읍 비슬로525길 37  
358,달성군지회,천내9리 경로당(우방아파트),대구광역시 달성군 화원읍 화원로 26  
359,달성군지회,천내10리 경로당(에덴아파트),대구광역시 달성군 화원읍 비슬로525길 48  
360,달성군지회,천내11리 경로당(창신아파트),대구광역시 달성군 화원읍 화원로 36   
361,달성군지회,천내12리 경로당(보성아파트),대구광역시 달성군 화원읍 화원로 37  
362,달성군지회,천내13리 경로당,대구광역시 달성군 화원읍 화원로7길 50-21  
363,달성군지회,천내14리 경로당,대구광역시 달성군 화원읍 화원로1길 15-7  
364,달성군지회,천내15리 경로당(한샘타운아파트),대구광역시 달성군 화원읍 사문진로6길 17  
365,달성군지회,천내16리 경로당(태왕리더스아파트),대구광역시 달성군 화원읍 화원로3길 66  
366,달성군지회,천내17리 경로당(화원이진캐스빌),대구광역시 달성군 화원읍 비슬로 2545  
367,달성군지회,구라1리 경로당,대구광역시 달성군 화원읍 구라1길 20  
368,달성군지회,구라3리 경로당,대구광역시 달성군 화원읍 구라1길 85  
369,달성군지회,구라4리 경로당(한우아파트),대구광역시 달성군 화원읍 비슬로 2679  
370,달성군지회,구라5리 경로당(청구청룡아파트),대구광역시 달성군 화원읍 비슬로 2715  
371,달성군지회,구라6리 경로당(삼우청솔아파트),대구광역시 달성군 화원읍 비슬로539길 17  
372,달성군지회,구라7리 경로당(청구청산아파트),대구광역시 달성군 화원읍 비슬로539길 5  
373,달성군지회,구라8리 경로당(래미안),대구광역시 달성군 화원읍 비슬로539길 35  
374,달성군지회,구라9리 경로당(신동아파밀리에),대구광역시 달성군 화원읍 비슬로539길 38  
375,달성군지회,성산1리 경로당,대구광역시 달성군 화원읍 사문진로 319-1  
376,달성군지회,성산2리 경로당,대구광역시 달성군 화원읍 성천로10길 16  
377,달성군지회,성산3리 경로당,대구광역시 달성군 화원읍 사문진로1길 6  
378,달성군지회,성산4리 경로당(대백아파트),대구광역시 달성군 화원읍 성화로6길 5  
379,달성군지회,성산5리 경로당(태왕타운아파트),대구광역시 달성군 화원읍 성화로4길 13  
380,달성군지회,성산6리 경로당(삼주아파트),대구광역시 달성군 화원읍 사문진로 349  
381,달성군지회,설화1리 경로당,대구광역시 달성군 화원읍 류목정길 42  
382,달성군지회,설화2리 경로당(한빛아파트) ,대구광역시 달성군 화원읍 비슬로491길 13  
383,달성군지회,명곡1리 경로당,대구광역시 달성군 화원읍 명곡로22길 12  
384,달성군지회,명곡2리 경로당,대구광역시 달성군 화원읍 비슬로500길 7  
385,달성군지회,명곡3리 경로당(명곡미래빌1단지),대구광역시 달성군 화원읍 명곡로 11  
386,달성군지회,명곡4리 경로당(명곡미래빌2단지),대구광역시 달성군 화원읍 명천로 231  
387,달성군지회,명곡5리 경로당(명곡미래빌3단지),대구광역시 달성군 화원읍 명곡로 30  
388,달성군지회,명곡6리 경로당(명곡미래빌4단지),대구광역시 달성군 화원읍 화암로 120  
389,달성군지회,명곡7리 경로당(명곡미래빌5단지),대구광역시 달성군 화원읍 명천로 243  
390,달성군지회,본리1리 경로당,대구광역시 달성군 화원읍 인흥2길 91  
391,달성군지회,본리2리 경로당,대구광역시 달성군 화원읍 마비정길 268  
392,달성군지회,본리3리 경로당(청탑아파트),대구광역시 달성군 화원읍 비슬로 2674  
393,달성군지회,본리4리 경로당,대구광역시 달성군 화원읍 비슬로532길 27-56  
394,달성군지회,본리5리 경로당(본리그린빌1단지),대구광역시 달성군 화원읍 명천로 57  
395,달성군지회,본리6리 경로당(본리그린빌2단지),대구광역시 달성군 화원읍 성암로 25  
396,달성군지회,논공읍노인회 경로당,대구광역시 달성군 논공읍 비슬로 1778  
397,달성군지회,노이1리 경로당(갈실),대구광역시 달성군 논공읍 노이길 408  
398,달성군지회,노이2리 경로당,대구광역시 달성군 논공읍 노이길 205  
399,달성군지회,노이3리 경로당(연화정),대구광역시 달성군 논공읍 노이1길 47-1  
400,달성군지회,금포1리 경로당,대구광역시 달성군 논공읍 금포새터길 23  
401,달성군지회,금포2리 경로당,대구광역시 달성군 논공읍 비슬로359길 33  
402,달성군지회,금포3리 경로당,대구광역시 달성군 논공읍 봉동길 9-5  
403,달성군지회,금포4리 경로당,대구광역시 달성군 논공읍 비슬로350길 58  
404,달성군지회,금포5리 경로당(우신미가뷰),대구광역시 달성군 논공읍 금포로 75-20  
405,달성군지회,삼리1리 경로당,대구광역시 달성군 논공읍 삼리1길 14  
406,달성군지회,삼리2리 경로당,대구광역시 달성군 논공읍 안씩실길 61-1  
407,달성군지회,삼리3리 경로당,대구광역시 달성군 논공읍 비슬로326길 13  
408,달성군지회,위천1리 경로당,대구광역시 달성군 논공읍 위천1길 6  
409,달성군지회,위천2리 경로당,대구광역시 달성군 논공읍 비슬로306길 1-16  
410,달성군지회,상1리 경로당,대구광역시 달성군 논공읍 걸미1길 29-2  
411,달성군지회,상2리 경로당,대구광역시 달성군 논공읍 중동길 33  
412,달성군지회,하1리 경로당,대구광역시 달성군 논공읍 약산덧재2길 2  
413,달성군지회,하2리 경로당,대구광역시 달성군 논공읍 약산덧재길 218  
414,달성군지회,남1리 경로당,대구광역시 달성군 논공읍 남리길 40-10(남리 656-16)  
415,달성군지회,남2리 경로당,대구광역시 달성군 논공읍 논공로7길 30-9  
416,달성군지회,남3리 경로당,대구광역시 달성군 논공읍 사촌길 16-5  
417,달성군지회,남4리 경로당(삼주아파트),대구광역시 달성군 논공읍 논공로 7길 55  
418,달성군지회,남5리 경로당(경일아파트),대구광역시 달성군 논공읍 논공로9길 39  
419,달성군지회,남6리 경로당(우방연합아파트),대구광역시 달성군 논공읍 논공중앙로22길 36  
420,달성군지회,남7리 경로당(평광4차아파트),대구광역시 달성군 논공읍 남리길 7  
421,달성군지회,남8리 경로당(주공아파트),대구광역시 달성군 논공읍 남리길 48  
422,달성군지회,남9리 경로당(평광행복아파트),대구광역시 달성군 논공읍 논공중앙로22길 12  
423,달성군지회,북1리 경로당,대구광역시 달성군 논공읍 북리2길 10-10  
424,달성군지회,북2리 경로당,대구광역시 달성군 논공읍 논공로15길 20-5  
425,달성군지회,북3리 경로당(평광3차아파트),대구광역시 달성군 논공읍 용호로 6  
426,달성군지회,북4리 경로당(평광1.2차아파트),대구광역시 달성군 논공읍 논공로21길 15  
427,달성군지회,북5리 경로당(청구아파트),대구광역시 달성군 논공읍 논공로7길 73  
428,달성군지회,북6리 경로당,대구광역시 달성군 논공읍 논공로26길 12(서광빌라)  
429,달성군지회,북7리 경로당(성원아파트),대구광역시 달성군 논공읍 논공로23길 14  
430,달성군지회,다사읍노인회 경로당,대구광역시 달성군 다사읍 매곡로 12길 37  
431,달성군지회,매곡1리 경로당,대구광역시 달성군 다사읍 매곡안길 14  
432,달성군지회,매곡2리 경로당,대구광역시 달성군 다사읍 다사로4길 1-16  
433,달성군지회,매곡2리 경로당(연화리),대구광역시 달성군 다사읍 달구벌대로126길 58-1  
434,달성군지회,매곡3리 경로당(동서아파트),대구광역시 달성군 다사읍 왕선로 49  
435,달성군지회,매곡4리 경로당(삼산아파트),대구광역시 달성군 다사읍 달구벌대로 790  
436,달성군지회,매곡5리 경로당(한서꼼빠니아아파트),대구광역시 달성군 다사읍 달구벌대로 802-1  
437,달성군지회,매곡6리 경로당(강창우방아파트),대구광역시 달성군 다사읍 달구벌대로 770  
438,달성군지회,매곡7리 경로당(강창그린빌),대구광역시 달성군 다사읍 달구벌대로 786  
439,달성군지회,매곡8리 경로당(태왕드림아파트),대구광역시 달성군 다사읍 달구벌대로 802  
440,달성군지회,다사주공1단지 경로당,대구광역시 달성군 다사읍 매곡로 14길 13  
441,달성군지회,매곡9리(다사주공2차) 경로당,대구광역시 달성군 다사읍 매곡로 14길 11  
442,달성군지회,매곡10리 경로당(하우젠트아너스빌),"대구광역시 달성군 다사읍 왕선로 26, 101동 706호(하우젠트 아너스빌)  "
443,달성군지회,매곡11리 경로당(죽곡휴먼시아1단지),대구광역시 달성군 다사읍 대실역북로1길6  
444,달성군지회,매곡12리 경로당(동화아이위시),대구광역시 달성군 다사읍 대실역북로 55  
445,달성군지회,매곡13리 경로당(청아람1단지),대구광역시 달성군 다사읍 대실역북로 38  
446,달성군지회,매곡14리 경로당(청아람2단지),대구광역시 달성군 다사읍 대실역북로 26  
447,달성군지회,매곡15리 경로당(e편한세상),대구광역시 달성군 다사읍 다사역로 60  
448,달성군지회,매곡17리 경로당,"대구광역시 달성군 다사읍 대실역북로5길 50-6, 202호  "
449,달성군지회,매곡16리 경로당(한일유앤아이),대구광역시 달성군 다사읍 매곡로4길 9  
450,달성군지회,매곡18리 경로당(청아람푸르지오1단지),대구광역시 달성군 다사읍 대실역북로 16  
451,달성군지회,서재1리 경로당,대구광역시 달성군 다사읍 서재본2길 3  
452,달성군지회,서재2리 경로당,대구광역시 달성군 다사읍 서재로 18길 5  
453,달성군지회,서재3리 경로당(화진금봉아파트),대구광역시 달성군 다사읍 서재로 120  
454,달성군지회,서재4리 경로당(보성1차아파트),대구광역시 달성군 다사읍 서재로 30길 17  
455,달성군지회,서재5리 경로당(보성2차아파트),대구광역시 달성군 다사읍 서재로 30길 7  
456,달성군지회,서재6리 경로당(우방아파트),대구광역시 달성군 다사읍 서재로 28길 39  
457,달성군지회,서재7리 경로당(와룡건영캐스빌아파트),대구광역시 달성군 다사읍 서재로12길 41-16  
458,달성군지회,서재8리 경로당(신성서화성파크드림),대구광역시 달성군 다사읍 서재로27길 42  
459,달성군지회,서재9리 경로당(진흥더블파크),대구광역시 달성군 다사읍 서재로24길 29  
460,달성군지회,서재10리 경로당(서재휴먼시아),대구광역시 달성군 다사읍 서재로 14길 2  
461,달성군지회,서재11리 경로당(동화아이위시1차),대구광역시 달성군 다사읍 서재로12길 38  
462,달성군지회,서재12리 경로당(동화아이위시2차),대구광역시 달성군 다사읍 서재로7길 23  
463,달성군지회,서재13리 경로당(동화아이위시3차),대구광역시 달성군 다사읍 서재로7길 25  
464,달성군지회,죽곡1리 경로당,"대구광역시 달성군 다사읍 달구벌대로174길 18, 에덴빌 B동203호  "
465,달성군지회,죽곡2리 경로당,대구광역시 달성군 다사읍 강정길 30  
466,달성군지회,죽곡3리 경로당(훼밀리아파트),대구광역시 달성군 다사읍 달구벌대로 842-7  
467,달성군지회,죽곡4리 경로당(태성아파트),대구광역시 달성군 다사읍 죽곡2길 6  
468,달성군지회,죽곡5리 경로당(강창하이츠아파트),대구광역시 달성군 다사읍 달구벌대로 812  
469,달성군지회,죽곡6리 경로당(e편한세상),대구광역시 달성군 다사읍 죽곡1길 42  
470,달성군지회,죽곡청아람리슈빌3단지 경로당(죽곡8리),대구광역시 달성군 다사읍 대실역남로 33  
471,달성군지회,죽곡청아람리슈빌4단지 경로당(죽곡9리),대구광역시 달성군 다사읍 대실역남로 35  
472,달성군지회,죽곡청아람푸르지오2단지 경로당(죽곡7리),"대구광역시 달성군 다사읍 대실역남로 93, 죽곡청아람푸르지오2단지 209동  "
473,달성군지회,죽곡11리 경로당(한신휴플러스),대구광역시 달성군 다사읍 대실역남로 50  
474,달성군지회,죽곡12리 경로당(청아람5단지),대구광역시 달성군 다사읍 대실역남로11  
475,달성군지회,죽곡13리 경로당(죽곡협성휴포레),대구광역시 달성군 다사읍 달구벌대로174길 50  
476,달성군지회,문양1리 경로당(용두골),대구광역시 달성군 다사읍 장귀미길 156  
477,달성군지회,문양2리 경로당(아랫서부실),대구광역시 달성군 다사읍 문양역5길 99  
478,달성군지회,문양2리 경로당(장귀미),대구광역시 달성군 다사읍 장귀미길 50  
479,달성군지회,문양2리 경로당(윗서부실),대구광역시 달성군 다사읍 문양역5길 172  
480,달성군지회,이천리 경로당,대구광역시 달성군 다사읍 다사로 69길 72-2   
481,달성군지회,부곡리 경로당(가마실),대구광역시 달성군 다사읍 달구벌대로 109길 8  
482,달성군지회,부곡리 경로당(새터),대구광역시 달성군 다사읍 부곡2길 7-1  
483,달성군지회,달천리 경로당,대구광역시 달성군 다사읍 다사로 494  
484,달성군지회,박곡리 경로당,대구광역시 달성군 다사읍 다사로109길 41  
485,달성군지회,문산리 경로당,대구광역시 달성군 다사읍 달구벌대로 92길 56  
486,달성군지회,세천리 경로당(세천1리),대구광역시 달성군 다사읍 세천본길 18-4  
487,달성군지회,세천2리 경로당(한라비발디),대구광역시 달성군 다사읍 세천로 187  
488,달성군지회,세천3리 경로당(북죽곡엠코타운),대구광역시 달성군 다사읍 세천로 160  
489,달성군지회,세천7리 경로당(제일풍경채프라임),"대구광역시 달성군 다사읍 세천남로 35, 201동  "
490,달성군지회,유가읍노인회 경로당,대구광역시 달성군 유가읍 유가길 25  
491,달성군지회,도의1리 경로당,대구광역시 달성군 유가읍 도의길 193  
492,달성군지회,도의2리 경로당,대구광역시 달성군 유가읍 도의1길 6  
493,달성군지회,도의3리 경로당,대구광역시 달성군 유가읍 도의길 92  
494,달성군지회,한정1리 경로당,대구광역시 달성군 유가읍 달창로26길 115  
495,달성군지회,한정2리 경로당,대구광역시 달성군 유가읍 달창로25길 40  
496,달성군지회,한정3리 경로당,대구광역시 달성군 유가읍 비슬로 34길 12  
497,달성군지회,본말1리 경로당,대구광역시 달성군 유가읍 달창로 440  
498,달성군지회,본말2리 경로당,대구광역시 달성군 유가읍 개실길 68  
499,달성군지회,유곡1리 경로당,대구광역시 달성군 유가읍 유곡길 53  
500,달성군지회,유곡2리 경로당,대구광역시 달성군 유가읍 유가길 49  
501,달성군지회,쌍계1리 경로당,대구광역시 달성군 유가읍 유가북길 46-57  
502,달성군지회,쌍계2리 경로당,대구광역시 달성군 유가읍 테크노순환로 440  
503,달성군지회,쌍계4리 경로당(중흥S클래스),대구광역시 달성군 유가읍 테크노순환로 423  
504,달성군지회,양리 경로당(양1리),대구광역시 달성군 유가읍 휴양림2길 25-5  
505,달성군지회,양2리 경로당,대구광역시 달성군 유가읍 유가사1길 3-3  
506,달성군지회,용봉2리 경로당,대구광역시 달성군 유가읍 용리길 12  
507,달성군지회,용봉3리 경로당(용3리),대구광역시 달성군 유가읍 휴양림길 180-17  
508,달성군지회,가태1리 경로당,대구광역시 달성군 유가읍 가태길 54  
509,달성군지회,가태2리 경로당,대구광역시 달성군 유가읍 구례길 113  
510,달성군지회,초곡리 경로당,대구광역시 달성군 유가읍 유가북길 222  
511,달성군지회,음리 경로당,대구광역시 달성군 유가읍 음동길 79 (음리 110-2)  
512,달성군지회,봉2리 경로당(화성파크드림),대구광역시 달성군 유가읍 테크노북로 165  
513,달성군지회,봉3리 경로당(하나리움 퀸즈파크아파트),대구광역시 달성군 유가읍 테크노북로 164  
514,달성군지회,봉4리 경로당(테크노4단지),대구광역시 달성군 유가읍 테크노상업로 111  
515,달성군지회,봉6리 경로당(진아리채),대구광역시 달성군 유가읍 테크노대로5길 79  
516,달성군지회,봉7리 경로당(남해오네뜨2차),대구광역시 달성군 유가읍 테크노대로5길 57  
517,달성군지회,봉8리 경로당(우미린),대구광역시 달성군 유가읍 테크노북로9길 16  
518,달성군지회,봉9리 경로당(제일풍경채센트럴),대구광역시 달성군 유가읍 테크노대로 165  
519,달성군지회,봉10리 경로당(호반베르디움더클래스),대구광역시 달성군 유가읍 테크노대로5길 80  
520,달성군지회,봉11리 경로당(호반베르디움),대구광역시 달성군 유가읍 테크노대로5길 58  
521,달성군지회,봉12리 경로당(힐데스하임),대구광역시 달성군 유가읍 테크노북로9길 42(힐데스하임)  
522,달성군지회,봉13리 경로당(반도유보라),대구광역시 달성군 유가읍 테크노대로 195  
523,달성군지회,옥포읍노인회 경로당,대구광역시 달성군 옥포읍 비슬로458길 6-2(기세리 267)  
524,달성군지회,본리1리 경로당,대구광역시 달성군 옥포읍 본리로 16길 5  
525,달성군지회,본리2리 경로당,대구광역시 달성군 옥포읍 대방길 5  
526,달성군지회,본리3리 경로당(무지개아파트),대구광역시 달성군 옥포읍 본리로 102  
527,달성군지회,본리4리 경로당(삼환나우빌),대구광역시 달성군 옥포읍 비슬로 447길 11  
528,달성군지회,본리5리 경로당(미진이지비아),대구광역시 달성군 옥포읍 비슬로 447길 56  
529,달성군지회,교항1리 경로당,대구광역시 달성군 옥포읍 다리목중앙길 20  
530,달성군지회,교항2리 경로당,대구광역시 달성군 옥포읍 금계길 44  
531,달성군지회,교항3리 경로당(제림아파트),대구광역시 달성군 옥포읍 교항제림길 10(옥포읍 교항리 1519)  
532,달성군지회,교항4리 경로당(옥포이진캐스빌),대구광역시 달성군 옥포읍 비슬로 2001  
533,달성군지회,교항5리 경로당(대성베르힐4단지),대구광역시 달성군 옥포읍 돌미로 70  
534,달성군지회,교항6리 경로당(대성베르힐6단지),대구광역시 달성군 옥포읍 돌미로8길 19  
535,달성군지회,교항7리 경로당(르상트레빌),"대구광역시 달성군 옥포읍 금계길 12, 705동(대구옥포르상트레빌)  "
536,달성군지회,김흥1리 경로당,대구광역시 달성군 옥포읍 김흥길 66  
537,달성군지회,김흥2리 경로당,대구광역시 달성군 옥포읍 옥포로113길 74  
538,달성군지회,김흥3리 경로당,대구광역시 달성군 옥포읍 능전길 88  
539,달성군지회,반송1리 경로당,대구광역시 달성군 옥포읍 용연사길 35  
540,달성군지회,반송2리 경로당,대구광역시 달성군 옥포읍 반송길 103  
541,달성군지회,강림1리 경로당,대구광역시 달성군 옥포읍 강림1길 41  
542,달성군지회,강림2리 경로당,대구광역시 달성군 옥포읍 시저로 33  
543,달성군지회,강림3리 경로당(옥포허브시티),대구광역시 달성군 옥포읍 비슬로 1941  
544,달성군지회,강림4리 경로당(옥포LH천년나무2단지),대구광역시 달성군 옥포읍 돌미로 51  
545,달성군지회,대구옥포LH천년나무3단지 경로당(강림5리),대구광역시 달성군 옥포읍 돌미로2길 15  
546,달성군지회,신당리 경로당,대구광역시 달성군 옥포읍 신당4길 27  
547,달성군지회,송촌리 경로당,대구광역시 달성군 옥포읍 송촌길 256  
548,달성군지회,간경리 경로당,대구광역시 달성군 옥포읍 간경길 7  
549,달성군지회,기세리 경로당,대구광역시 달성군 옥포읍 옥포로57길 17  
550,달성군지회,현풍읍노인회 경로당,대구광역시 달성군 현풍읍 현풍로 56  
551,달성군지회,상1리 경로당,대구광역시 달성군 현풍읍 현풍동로20길 43-22  
552,달성군지회,상2리 경로당,대구광역시 달성군 현풍읍 현풍동로21길 9  
553,달성군지회,중1리 경로당,대구광역시 달성군 현풍읍 현풍중앙로14길 76  
554,달성군지회,중2리 경로당(학산아파트),대구광역시 달성군 현풍읍 현풍동로 23  
555,달성군지회,중3리 경로당(금성중리타운),"대구광역시 달성군 현풍읍 현풍중앙로14길 85, 가동 103호  "
556,달성군지회,중4리 경로당(제일아파트),"대구광역시 달성군 현풍읍 현풍로24길 6, 101호(제일아파트)  "
557,달성군지회,중6리 경로당(서한이다음),대구광역시 달성군 현풍읍 테크노상업로 33  
558,달성군지회,중7리 경로당(남해오네뜨1차),대구광역시 달성군 현풍읍 테크노북로4길 11  
559,달성군지회,중8리 경로당(테크노폴리스천년나무1단지),대구광역시 달성군 현풍읍 테크노북로2길 10  
560,달성군지회,현풍LH천년나무2단지 경로당(중9리),대구광역시 달성군 현풍읍 테크노북로2길 30  
561,달성군지회,중10리 경로당(제일풍경채더퍼스트),대구광역시 달성군 현풍읍 테크노상업로 49  
562,달성군지회,중11리 경로당(일동미라주),대구광역시 달성군 현풍읍 테크노북로2길 9  
563,달성군지회,부1리 경로당,대구광역시 달성군 현풍읍 현풍중앙로16길 31  
564,달성군지회,부2리 경로당,대구광역시 달성군 현풍읍 현풍동로27길 51  
565,달성군지회,부3리 경로당,대구광역시 달성군 현풍읍 현풍중앙로 21길 33-6  
566,달성군지회,부4리 경로당,대구광역시 달성군 현풍읍 현풍돌로29길 19-11  
567,달성군지회,성하1리 경로당,대구광역시 달성군 현풍읍 성하1길 106-5  
568,달성군지회,성하2리 경로당,대구광역시 달성군 현풍읍 성하길 67-6  
569,달성군지회,성하3리 경로당,대구광역시 달성군 현풍읍 비슬로 136길 17  
570,달성군지회,성하4리 경로당,대구광역시 달성군 현풍읍 비슬로 156길 25-1  
571,달성군지회,원교1리 경로당,대구광역시 달성군 현풍읍 현풍로8길 42  
572,달성군지회,원교2리 경로당,대구광역시 달성군 현풍읍 비슬로130길 32  
573,달성군지회,원교3리 경로당(주공아파트),대구광역시 달성군 현풍읍 비슬로120길 13  
574,달성군지회,원교4리 경로당,대구광역시 달성군 현풍읍 원교길 18  
575,달성군지회,대1리 경로당,대구광역시 달성군 현풍읍 삼강길 42  
576,달성군지회,대2리 경로당,대구광역시 달성군 현풍읍 삼강4길 2  
577,달성군지회,대3리 경로당,대구광역시 달성군 현풍읍 대리길 24  
578,달성군지회,대4리 경로당(국가산단 서한이다음),대구광역시 달성군 현풍읍 국가산단대로 70길 41  
579,달성군지회,오산1리 경로당,대구광역시 달성군 현풍서로43길 36  
580,달성군지회,오산2리 경로당,대구광역시 달성군 현풍읍 현풍서로 71길 105  
581,달성군지회,지1리 경로당,대구광역시 달성군 현풍읍 지동2길 9  
582,달성군지회,지2리 경로당,대구광역시 달성군 현풍읍 지동길 128  
583,달성군지회,하리 경로당,대구광역시 달성군 현풍읍 현풍중앙로 55-1  
584,달성군지회,자모리 경로당,대구광역시 달성군 현풍읍 현풍서로91길 46  
585,달성군지회,신기리 경로당,대구광역시 달성군 현풍읍 국가산단북로 100길 120  
586,달성군지회,가창면노인회 경로당,대구광역시 달성군 가창면 가창로 220길 2  
587,달성군지회,"용계1,3리 경로당",대구광역시 달성군 가창면 가창로 220길 2   
588,달성군지회,용계5리 경로당(중석타운아파트),대구광역시 달성군 가창면 가창로 1018  
589,달성군지회,용계6리 경로당(달성용계주공아파트),대구광역시 달성군 가창면 가창로216길 25  
590,달성군지회,용계7리 경로당(국태모닝포유아파트),대구광역시 달성군 가창면 가창로216길 55  
591,달성군지회,오1리 경로당,대구광역시 달성군 가창면 헐티로10길 27  
592,달성군지회,오2리 경로당,대구광역시 달성군 가창면 헐티로 11길 90  
593,달성군지회,옥분리 경로당,대구광역시 달성군 가창면 가창로 440  
594,달성군지회,옥분정안 경로당,대구광역시 달성군 가창면 가창로 75길 6  
595,달성군지회,우록1리 경로당,대구광역시 달성군 가창면 우록길 254-3  
596,달성군지회,우록2리 경로당,대구광역시 달성군 가창면 우록길 461  
597,달성군지회,행정1리 경로당,대구광역시 달성군 가창면 가창동로 122-18  
598,달성군지회,행정2리 경로당,대구광역시 달성군 가창면 흥덕길 24  
599,달성군지회,정대1리 경로당,대구광역시 달성군 가창면 헐티로 498  
600,달성군지회,정대2리 경로당,대구광역시 달성군 가창면 헐티로2길 2  
601,달성군지회,정대매계 경로당(정대1리),대구광역시 달성군 가창면 헐티로 7길 8  
602,달성군지회,상원1리 경로당,대구광역시 달성군 가창면 가창로 126길 182  
603,달성군지회,상원1리 경로당(상원리가재골),대구광역시 달성군 가창면 가창동로 271-24  
604,달성군지회,냉천1리 경로당,대구광역시 달성군 가창면 가창로 761  
605,달성군지회,냉천2리 경로당,대구광역시 달성군 가창면 가창동로1길 22  
606,달성군지회,대일1리 경로당,대구광역시 달성군 가창면 가창로126길 3  
607,달성군지회,대일2리 경로당,대구광역시 달성군 가창면 원정길 183-3  
608,달성군지회,주1리 경로당,대구광역시 달성군 가창면 주리1길 14-1  
609,달성군지회,주2리 경로당(중주리),대구광역시 달성군 가창면 주리1길 136  
610,달성군지회,주3리 경로당,대구광역시 달성군 가창면 주리2길 124  
611,달성군지회,삼산리 경로당(수점),대구광역시 달성군 가창면 가창로 58길 12  
612,달성군지회,삼산리 경로당(본동),대구광역시 달성군 가창면 녹문길 24  
613,달성군지회,단산리 경로당,대구광역시 달성군 가창면 단산길 97-3  
614,달성군지회,단산신서 경로당,대구광역시 달성군 가창면 단산1길 8  
615,달성군지회,하빈면노인회 경로당,대구광역시 달성군 하빈로84길 23  
616,달성군지회,하산1리 경로당,대구광역시 달성군 하빈면 하목정길 40-2  
617,달성군지회,하산2리 경로당(수무지),대구광역시 달성군 하빈면 하산3길 4  
618,달성군지회,하산2리 경로당(너울터),대구광역시 달성군 하빈면 하산2길 37  
619,달성군지회,묘1리 경로당,대구광역시 달성군 하빈면 육신사길 26  
620,달성군지회,묘2리 경로당,대구광역시 달성군 하빈면 묘동2길 19-1  
621,달성군지회,묘2리 경로당(안곡마을),대구광역시 달성군 하빈면 하빈로 87길 93  
622,달성군지회,기곡1리 경로당,대구광역시 달성군 하빈면 기곡3길 8  
623,달성군지회,기곡1리 경로당(터개월),대구광역시 달성군 하빈면 터개울길 29  
624,달성군지회,기곡1리 경로당(못안),대구광역시 달성군 하빈면 기곡3길 35-14  
625,달성군지회,기곡2리 경로당,대구광역시 달성군 하빈면 기곡1길 96  
626,달성군지회,대평1리 경로당,대구광역시 달성군 하빈면 하빈로 888  
627,달성군지회,대평2리 경로당(두천),대구광역시 달성군 하빈면 하빈로171길 40  
628,달성군지회,대평3리 경로당(모산),대구광역시 달성군 하빈면 하빈로 172길 40  
629,달성군지회,무등1리 경로당,대구광역시 달성군 하빈면 하빈로 140길 50  
630,달성군지회,무등2리 경로당,대구광역시 달성군 하빈면 하빈로120길 94   
631,달성군지회,현내1리 경로당,대구광역시 달성군 하빈면 하빈로 107길 5  
632,달성군지회,현내2리 경로당,대구광역시 달성군 하빈면 하빈로90길 5  
633,달성군지회,현내3리 경로당,대구광역시 달성군 하빈면 하빈로402-5  
634,달성군지회,감문1리 경로당,대구광역시 달성군 하빈면 하빈로52길 19  
635,달성군지회,감문2리 경로당,대구광역시 달성군 하빈면 하빈로 24길 73-1  
636,달성군지회,동곡1리 경로당,대구광역시 달성군 하빈면 하빈남로37길 26-3  
637,달성군지회,동곡2리 경로당,대구광역시 달성군 하빈면 달구벌대로 35길 16  
638,달성군지회,봉촌1리 경로당,대구광역시 달성군 하빈면 하빈남로52길 58  
639,달성군지회,봉촌1리 경로당(수무실),대구광역시 달성군 하빈면 봉촌2길 19  
640,달성군지회,봉촌1리 경로당(한실),대구광역시 달성군 하빈면 봉촌1길 4  
641,달성군지회,봉촌2리 경로당,대구광역시 달성군 하빈면 하빈남로 383  
642,달성군지회,구지면노인회 경로당,대구광역시 달성군 구지면 구지시장길 46-8  
643,달성군지회,창1리 경로당,대구광역시 달성군 구지면 창리로 59  
644,달성군지회,창2리 경로당,대구광역시 달성군 구지면 창리서로 6길 4-3  
645,달성군지회,창3리 경로당,대구광역시 달성군 구지면 창리로 19길 38  
646,달성군지회,창4리 경로당,대구광역시 달성군 구지면 구지시장길 22  
647,달성군지회,평촌1리 경로당,대구광역시 달성군 구지면 구지동로16길 85  
648,달성군지회,평촌2리 경로당,대구광역시 달성군 구지면 구지동로40길 38-3  
649,달성군지회,내리2리 경로당,대구광역시 달성군 구지면 달창2차로 6-28  
650,달성군지회,수리1리 경로당,대구광역시 달성군 구지면 국가산단북로23길 54-3  
651,달성군지회,수리2리 경로당,대구광역시 달성군 구지면 과학북로 11길 82  
652,달성군지회,수리3리 경로당,대구광역시 달성군 구지면 국가산단북로3길 24-6  
653,달성군지회,도동1리 경로당,대구광역시 달성군 구지면 구지서로 712  
654,달성군지회,도동2리 경로당,대구광역시 달성군 구지면 도동절골길 5  
655,달성군지회,대암1리 경로당,대구광역시 달성군 구지면 과학남로53길 5-5  
656,달성군지회,대암2리 경로당,대구광역시 달성군 구지면 대암2길 18  
657,달성군지회,응암1리 경로당,대구광역시 달성군 구지면 응암길 11  
658,달성군지회,응암3리 경로당(반도유보라),대구광역시 달성군 구지면 과학마을로3길 14  
659,달성군지회,응암4리 경로당(화성파크드림),대구광역시 달성군 구지면 과학마을로2길 6  
660,달성군지회,응암5리 경로당(과학마을청아람),대구광역시 달성군 구지면 과학마을로 70  
661,달성군지회,가천리 경로당,대구광역시 달성군 구지면 가천1길 55  
662,달성군지회,고봉리 경로당,대구광역시 달성군 구지면 구지동로10길 3  
663,달성군지회,예현리 경로당,대구광역시 달성군 구지면 예현1길 11-9  
664,달성군지회,유산리 경로당,대구광역시 달성군 구지면 유산길 17  
665,달성군지회,화산1리 경로당,대구광역시 달성군 구지면 국가산단북로25길 30-8  
666,달성군지회,오설리 경로당,대구광역시 달성군 구지면 구지서로 60길 62-4  
667,달성군지회,징리 경로당,대구광역시 달성군 구지면 구지서로 10길 62  
668,달성군지회,목단1리 경로당,대구광역시 달성군 구지면 구지남로 57길 1  
669,달성군지회,목단2리 경로당,대구광역시 달성군 구지면 구미마을길 89-2  
670,달성군지회,응암2리 경로당,"대구광역시 달성군 구지면 과학마을로2길 33-17, 202호  "
671,달성군지회,응암6리(줌파크) 경로당,대구광역시 달성군 구지면 국가산단대로64길 63  
672,달성군지회,교항8리(옥포서한이다음) 경로당,대구광역시 달성군 옥포읍 돌미로6길 5  
673,달성군지회,문양리(서부3동) 경로당,대구광역시 달성군 다사읍 문양역길 17  
674,달성군지회,창5리(영무예다음) 경로당,대구광역시 달성군 구지면 국가산단서로 84길 118  
675,달성군지회,화산2리(반도유보라3차)경로당,대구광역시 달성군 구지면 국가산단북로 34길 10  
676,달성군지회,매곡19리(죽곡삼정) 경로당,대구광역시 달성군 다사읍 다사로 50  
677,달성군지회,용계4리(용계아파트) 경로당,"대구광역시 달성군 가창면 가창로216길 51, 1동 111호  "
678,달성군지회,서재14리(태왕아너스) 경로당,"대구광역시 달성군 다사읍 궁산2길 12, 태왕아너스   "
679,달성군지회,응암7리(반도2차)경로당,대구광역시 구지면 국가산단북로 60길 59  
680,달성군지회,쌍계3리 경로당,대구광역시 유가읍 현풍로 47길 86-21  
681,달성군지회,설화3리(신일해피트리) 경로당,대구광역시 화원읍 명천로 383  
682,달성군지회,천내18리(화원파크뷰우방아이유쉘) 경로당,대구광역시 화원읍 명천로 21길 55  
683,달성군지회,매곡21리(힐스테이트 다사역) 경로당,대구광역시 다사읍 매곡로12길 22  
684,달성군지회,설화4리(설화명곡역 우방아이유쉘) 경로당,대구광역시 화원읍 비슬로 2417  
685,동구지회,신암1경로당,대구광역시 동구 신암북로7길 37 (신암동)  
686,동구지회,제일경로당,대구광역시 동구 아양로11길 36-5 (신암동)  
687,동구지회,새터경로당,대구광역시 동구 경대로 72 (신암동)  
688,동구지회,안평경로당,대구광역시 동구 평화로 20-20 (신암동)  
689,동구지회,신암1동뜨란채APT경로당,대구광역시 동구 아양로7길 12 (신암동)  
690,동구지회,평화경로당,대구광역시 동구 아양로 65-67 (신암동)  
691,동구지회,동대구에일린의뜰경로당,대구광역시 동구 아양로9길35(신암동)  
692,동구지회,강남아파트경로당,대구광역시 동구 신성로 60 (신암동)  
693,동구지회,신암2동경로당,대구광역시 동구 신성로 113-3 (신암동)  
694,동구지회,신암그린타운경로당,대구광역시 동구 신성로 30 (신암동)  
695,동구지회,신천가람타운경로당,대구광역시 동구 신암로16길 33 (신천동)  
696,동구지회,신암청아람경로당,대구광역시 동구 신암로20길 39(신암동)  
697,동구지회,신천자이아파트경로당,대구광역시 동구 신암로16길 25 (신천동)  
698,동구지회,신암3동경로당(소방3급),대구광역시 동구 아양로8길 10-1 (신암동)  
699,동구지회,신암건영캐스빌경로당,대구광역시 동구 신암남로 50 (신암동)  
700,동구지회,이안동대구경로당,대구광역시 동구 송라로28길 14(신암동)  
701,동구지회,이안센트럴D경로당,대구광역시 동구 동대구로 577(신암동)  
702,동구지회,동대구우방아이유쉘경로당,대구광역시 동구 송라로32길 32(신암동)  
703,동구지회,금오경로당,대구광역시 동구 아양로11길 65 (신암동)  
704,동구지회,보성아파트경로당,대구광역시 동구 큰고개로 23 (신암동)  
705,동구지회,성동경로당,대구광역시 동구 아양로34길 18-3 (신암동)  
706,동구지회,에스디아이프라임아파트경로당,대구광역시 동구 아양로24길 13 (신암동)  
707,동구지회,진로이스트타운2차경로당,대구광역시 동구 동북로 460 (신암동)  
708,동구지회,금호정경로당,대구광역시 동구 아양로49길 77 (신암동)  
709,동구지회,동서1차아파트경로당,대구광역시 동구 아양로39길 16 (신암동)  
710,동구지회,동서2차아파트경로당,대구광역시 동구 아양로39길 20 (신암동)  
711,동구지회,신암5동경로당,대구광역시 동구 동북로83길 25-2 (신암동)  
712,동구지회,동서1차아파트할머니경로당,대구광역시 동구 아양로39길 16 (신암동)  
713,동구지회,청기와아파트경로당,대구광역시 동구 아양로49길 20 (신암동)  
714,동구지회,동신우방아파트경로당,대구광역시 동구 송라로11길 86 (신천동)  
715,동구지회,신일경로당,대구광역시 동구 국채보상로165길 3-1 (신천동)  
716,동구지회,우방푸른타운경로당,대구광역시 동구 국채보상로159길 41 (신천동)  
717,동구지회,신천2주공APT경로당,대구광역시 동구 국채보상로 155길 54 (신천동)  
718,동구지회,송라경로당,대구광역시 동구 동부로3길 38 (신천동)  
719,동구지회,신천LH경로당,대구광역시 동구 동부로 1 (신천동)  
720,동구지회,신천경로당,대구광역시 동구 송라로7길 10 (신천동)  
721,동구지회,신천역더뷰파크아파트경로당,"대구광역시 동구 동부로 20, 관리동 (신천동,관리)  "
722,동구지회,신천동서맨션경로당,대구광역시 동구 국채보상로155길 8 (신천동)  
723,동구지회,신천역센트럴리버파크경로당,"대구광역시 동구 동부로 26 (신천동, 신천휴먼시아5단지)  "
724,동구지회,신천휴먼시아6단지아파트경로당,대구광역시 동구 송라로11길 39 (신천동)  
725,동구지회,신천3동제3경로당,대구광역시 동구 동부로15길 26-6(신천동)  
726,동구지회,신천3동제2경로당,대구광역시 동구 송라로 28-5 (신천동)  
727,동구지회,신천3동제1경로당,대구광역시 동구 송라로12길 5-1 (신천동)  
728,동구지회,동대구삼환나우빌경로당,대구광역시 동구 동부로 81 (신천동)  
729,동구지회,동양상가아파트경로당,대구광역시 동구 장등로 12 (신천동)  
730,동구지회,신천청아람경로당,대구광역시 동구 송라로14길 132 (신천동)  
731,동구지회,신천화성파크드림경로당,대구광역시 동구 송라로10길 34 (신천동)  
732,동구지회,동대구반도유보라경로당,대구광역시 동구 송라로16길 11 (신천동)  
733,동구지회,동대구역우방아이유쉘경로당,대구광역시 동구 동부로 115 (신천동)  
734,동구지회,신천4동제2경로당,대구광역시 동구 동부로32길 47-11 (신천동)  
735,동구지회,코스모스아파트경로당,대구광역시 동구 화랑로11길 26 (신천동)  
736,동구지회,동대구비스타동원 경로당,대구광역시 동구 화랑로 51(신천동)  
737,동구지회,회관경로당,대구광역시 동구 아양로 50길 50-1 (효목동)  
738,동구지회,효목경로당,대구광역시 동구 화랑로41길 14 (효목동)  
739,동구지회,효일경로당,대구광역시 동구 효동로 114-1 (효목동)  
740,동구지회,진로이스트타운경로당,대구광역시 동구 아양로 218 (효목동)  
741,동구지회,강나루타운경로당,대구광역시 동구 효동로 108 (효목동)  
742,동구지회,새마을경로당,대구광역시 동구 화랑로27길 24 (효목동)  
743,동구지회,효목2동제일경로당,대구광역시 동구 화랑로19길 97 (효목동)  
744,동구지회,소목골경로당,대구광역시 동구 효신로8길 48 (효목동)  
745,동구지회,태왕메트로시티경로당,대구광역시 동구 동북로 500 (효목동)  
746,동구지회,평광경로당,대구광역시 동구 도평로116길 18-3 (평광동)  
747,동구지회,도동제1경로당,대구광역시 동구 도평로 121 (도동)  
748,동구지회,도동제2경로당,대구광역시 동구 팔공로 26길 48 (도동)  
749,동구지회,에덴경로당,대구광역시 동구 팔공로26길 49 (도동)  
750,동구지회,향산경로당,대구광역시 동구 도평로51길 10 (도동)  
751,동구지회,봉무청구새들마을아파트경로당,대구광역시 동구 팔공로 322-5 (봉무동)  
752,동구지회,불로경로당,대구광역시 동구 팔공로23길 15 (불로동)  
753,동구지회,에덴공항경로당,대구광역시 동구 팔공로29길 10 (불로동)  
754,동구지회,해서경로당,대구광역시 동구 팔공로34길 1-2 (불로동)  
755,동구지회,에덴공항2차APT경로당,대구광역시 동구 팔공로33길 10 (불로동)  
756,동구지회,봉무경로당,대구광역시 동구 팔공로 333-12 (봉무동)  
757,동구지회,이시아폴리스더샵1차경로당,대구광역시 동구 팔공로53길 10 (봉무동)  
758,동구지회,이시아폴리스더샵2차경로당,대구광역시 동구 팔공로 274 (봉무동)  
759,동구지회,이시아폴리스더샵3차경로당,"대구광역시 동구 팔공로51길 10, 1층 (봉무동)  "
760,동구지회,이시아폴리스더샵4차경로당,대구광역시 동구 팔공로53길 40 (봉무동)  
761,동구지회,이시아폴리스협성휴포레경로당,"대구광역시 동구 팔공로260(봉무동,협성휴포레 이시아폴리스)  "
762,동구지회,강산아파트경로당,대구광역시 동구 해동로5길 23 (지저동)  
763,동구지회,공항경로당,대구광역시 동구 공항로 51길 12-4 (지저동)  
764,동구지회,지저경로당,대구광역시 동구 해동로2길 34 (지저동)  
765,동구지회,팔공아파트경로당,대구광역시 동구 해동로 54 (지저동)  
766,동구지회,부민스위트빌경로당,대구광역시 동구 해동로2길 37 (지저동)  
767,동구지회,제림햇빛촌아파트경로당,대구광역시 동구 공항로52길 28 (지저동)  
768,동구지회,불로우방아파트경로당,대구광역시 동구 공항로 150 (불로동)  
769,동구지회,불로제일경로당,대구광역시 동구 방천로2길 6 (불로동)  
770,동구지회,강변타운경로당,대구광역시 동구 방천로3길 30 (불로동)  
771,동구지회,제림빌리지APT경로당,대구광역시 동구 해동로6길 37 (불로동)  
772,동구지회,입석경로당,대구광역시 동구 동촌로1길 26 (입석동)  
773,동구지회,동촌화성타운아파트경로당,대구광역시 동구 동촌로6길 3 (입석동)  
774,동구지회,검사제1경로당,대구광역시 동구 해동로 178 (검사동)  
775,동구지회,검사제2경로당,대구광역시 동구 방촌로1길 19 (검사동)  
776,동구지회,문화아파트경로당,대구광역시 동구 동촌로14길 14 (검사동)  
777,동구지회,금사리하이빌경로당,대구광역시 동구 해동로 254 (검사동)  
778,동구지회,입석2경로당,대구광역시 동구 입석로3길 14-1 (입석동)  
779,동구지회,태왕아너스르네상스 경로당,"대구광역시 동구 동촌로 100 (검사동, 태왕아너스르네상스아파트)  "
780,동구지회,강변1차아파트경로당,대구광역시 동구 동촌로54길 13 (방촌동)  
781,동구지회,강변2차아파트경로당,대구광역시 동구 동촌로56길 36 (방촌동)  
782,동구지회,우방강촌마을APT경로당,대구광역시 동구 화랑로80길 8 (방촌동)  
783,동구지회,방촌제1경로당,대구광역시 동구 동촌로 46길 40 (방촌동)  
784,동구지회,보성강남아파트경로당,대구광역시 동구 화랑로88길 30 (방촌동)  
785,동구지회,방촌우방맨션경로당,대구광역시 동구 화랑로 407 (방촌동)  
786,동구지회,우방강촌2차경로당,대구광역시 동구 화랑로80길 9 (방촌동)  
787,동구지회,방촌2차영남네오빌APT경로당,대구광역시 동구 동촌로42길 63 (방촌동)  
788,동구지회,방촌현대아파트경로당,대구광역시 동구 화랑로91길 7 (방촌동)  
789,동구지회,영남네오빌APT경로당,대구광역시 동구 동촌로 190(방촌동)  
790,동구지회,방촌청구타운경로당,대구광역시 동구 화랑로73길 36 (방촌동)  
791,동구지회,무궁화아파트경로당,대구광역시 동구 동촌로 222 (방촌동)  
792,동구지회,동명경로당,대구광역시 동구 동촌로58길 20 (방촌동)  
793,동구지회,방촌세영리첼경로당,"대구광역시 동구 동촌로 260(방촌동, 방촌역세영리첼아파트)  "
794,동구지회,방촌제2경로당,대구광역시 동구 둔산로45길 16 (방촌동)  
795,동구지회,방촌제3경로당,대구광역시 동구 방촌로1길 102 (방촌동)  
796,동구지회,방촌제5경로당,대구광역시 동구 방촌로1길 138-6 (방촌동)  
797,동구지회,둔산경로당,대구광역시 동구 둔산로51길 140 (둔산동)  
798,동구지회,상동경로당,대구광역시 동구 옻골로20길 31 (둔산동)  
799,동구지회,대암경로당,대구광역시 동구 둔산로 328 (둔산동)  
800,동구지회,명당경로당,대구광역시 동구 옻골로 38 (부동)  
801,동구지회,부동경로당,대구광역시 동구 부동길 183 (부동)  
802,동구지회,월천경로당,대구광역시 동구 부동길 45 (부동)  
803,동구지회,신평경로당,대구광역시 동구 신평로16길 57-13 (신평동)  
804,동구지회,신덕경로당,대구광역시 동구 신덕로5길 50 (신평동)  
805,동구지회,동원아파트경로당,대구광역시 동구 안심로41길 21 (신기동)  
806,동구지회,모란1차아파트경로당,대구광역시 동구 율하동로20길 40 (신기동)  
807,동구지회,모란2차APT경로당,"대구광역시 동구 율하동로20길 30, 1동 101호 (신기동)  "
808,동구지회,모란3차APT경로당,대구광역시 동구 율하동로20길 31 (신기동)  
809,동구지회,신기경로당,대구광역시 동구 반야월로28길 49-3 (신기동)  
810,동구지회,천일맨션경로당,대구광역시 동구 율하동로24길 14 (신기동)  
811,동구지회,화성아파트경로당,대구광역시 동구 율하동로20길 20 (신기동)  
812,동구지회,율하경로당,대구광역시 동구 반야월로22길 20-2 (율하동)  
813,동구지회,율하뜨란채경로당,대구광역시 동구 율하동로 67 (율하동)  
814,동구지회,주공APT4단지경로당,대구광역시 동구 율하동로 73 (율하동)  
815,동구지회,율하휴먼시아5단지경로당,대구광역시 동구 율하서로 59 (율하동)  
816,동구지회,율하휴먼시아6단지경로당,대구광역시 동구 안심로16길 45 (율하동)  
817,동구지회,율하휴먼시아7단지경로당,대구광역시 동구 안심로22길 55 (율하동)  
818,동구지회,SM안아주아파트경로당,대구광역시 동구 안심로16길 29 (율하동)  
819,동구지회,율하휴먼시아15단지경로당,대구광역시 동구 금호강변로3길 9 (율하동)  
820,동구지회,율하휴먼시아10단지경로당,대구광역시 동구 율하동로8길 16 (율하동)  
821,동구지회,율하휴먼시아11단지경로당,대구광역시 동구 율하동로 19 (율하동)  
822,동구지회,율하휴먼시아9단지경로당,대구광역시 동구 안심로22길 76 (율하동)  
823,동구지회,율하리버파크뷰경로당,대구광역시 동구 금호강변로 315 (율하동)  
824,동구지회,세계육상선수촌1단지경로당,대구광역시 동구 율하서로 85 (율하동)  
825,동구지회,세계육상선수촌2단지경로당,대구광역시 동구 안심로16길 71 (율하동)  
826,동구지회,율하우방아이유쉘경로당,대구광역시 동구 금호강변로3길 22 (율하동)  
827,동구지회,율하롯데캐슬탑클래스경로당,"대구광역시 동구 율하서로 23 (율하동, 율하롯데캐슬탑클래스)  "
828,동구지회,율하휴먼시아8단지아파트경로당,대구광역시 동구 안심로22길 75 (율하동)  
829,동구지회,율하숲경로당,대구광역시 동구 금호강변로3길 35  
830,동구지회,매여경로당,대구광역시 동구 매여로8길 41 (매여동)  
831,동구지회,백자맨션경로당,대구광역시 동구 동촌로 346 (용계동)  
832,동구지회,용계1경로당,대구광역시 동구 용계로3길 2-7 (용계동)                                    
833,동구지회,용계제2경로당,"대구광역시 동구 화랑로108길 1-11,101동 102호(용계동, 성창빌리지)  "
834,동구지회,강변동서마을아파트경로당,대구광역시 동구 화랑로100길 17 (용계동)  
835,동구지회,용계타운아파트경로당,대구광역시 동구 반야월로6길 20 (용계동)  
836,동구지회,율암경로당,대구광역시 동구 반야월북로12길 32 (율암동)  
837,동구지회,용호경로당,대구광역시 동구 화랑로93길 23-1 (용계동)  
838,동구지회,율하역엘크루경로당,대구광역시 동구 안심로7길 7 (용계동)  
839,동구지회,율하시티프라디움경로당,"대구광역시 동구 반야월로 35 (용계동, 율하시티프라디움)  "
840,동구지회,대경넥스빌경로당,대구광역시 동구 안심로 400 (신서동)  
841,동구지회,동화해오름타운경로당,"대구광역시 동구 동호로 89, 204동 (신서동,204)  "
842,동구지회,영조아름다운나날1단지경로당,대구광역시 동구 안심로 402 (신서동)  
843,동구지회,영조아름다운나날3단지경로당,대구광역시 동구 동호로 132 (신서동)  
844,동구지회,영조아름다운나날2단지경로당,대구광역시 동구 동호로 88 (신서동)  
845,동구지회,송정경로당,대구광역시 동구 안심로90길 17-1 (괴전동)  
846,동구지회,금강경로당,대구광역시 동구 금강로 235 (금강동)  
847,동구지회,상록아이투빌경로당,대구광역시 동구 동호로 47 (동호동)  
848,동구지회,안심역우방아이유쉘아파트경로당,"대구광역시 동구 금강로21길 10 (괴전동, 안심역우방아이유쉘)  "
849,동구지회,괴전경로당,대구광역시 동구 반야월북로 348-2(괴전동)  
850,동구지회,안심역코오롱하늘채경로당,"대구광역시 동구 금강로21길 30, 101동내  "
851,동구지회,동호경로당,대구광역시 동구 반야월로 220 (동호동)  
852,동구지회,서호제2경로당,대구광역시 동구 안심로51길 14 (서호동)  
853,동구지회,서호제1경로당,대구광역시 동구 안심로41길 50-10 (서호동)  
854,동구지회,서호할머니경로당,대구광역시 동구 안심로43길 20 (서호동)  
855,동구지회,안심효성타운APT경로당,대구광역시 동구 경안로 809 (각산동)  
856,동구지회,금강진우금탑경로당,대구광역시 동구 반야월북로 175 (각산동)  
857,동구지회,녹원맨션경로당,대구광역시 동구 반야월북로 269 (신서동)  
858,동구지회,신서청구아파트경로당,대구광역시 동구 반야월북로55길 19 (신서동)  
859,동구지회,신서그린빌경로당,대구광역시 동구 반야월북로 251 (신서동)  
860,동구지회,롯데캐슬레전드경로당,대구광역시 동구 안심로73길 22 (신서동)  
861,동구지회,신일해피트리경로당,대구광역시 동구 반야월로 370 (신서동)  
862,동구지회,각산태영데시앙경로당,대구광역시 동구 반야월북로 123 (각산동)  
863,동구지회,각산푸르지오2단지경로당,대구광역시 동구 경안로 822 (각산동)  
864,동구지회,신서퀸덤아파트경로당,대구광역시 동구 신서로 72 (신서동)  
865,동구지회,신서화성파크드림아파트경로당,대구광역시 동구 반야월북로 221 (신서동)  
866,동구지회,성지경로당,"대구광역시 동구 반야월북로 155 (각산동, 성지각산아파트)  "
867,동구지회,각산서한이다음경로당,"대구광역시 동구 반야월북로 167 (각산동, 각산서한이다음아파트)  "
868,동구지회,각산푸르지오1단지 경로당,"대구광역시 동구 경안로 824, 102동(각산동, 각산푸르지오1단지)  "
869,동구지회,숙천경로당,대구광역시 동구 숙천로2길 13-5 (숙천동)  
870,동구지회,내곡경로당,대구광역시 동구 노실1길 5 (내곡동)  
871,동구지회,대구혁신LH천년나무3단지경로당,대구광역시 동구 과학로13길 30 (각산동)  
872,동구지회,대구혁신LH천년나무6단지경로당,대구광역시 동구 과학로 23 (각산동)  
873,동구지회,"대구혁신LH천년나무13,14단지경로당",대구광역시 동구 초례로 66 (숙천동)  
874,동구지회,신서혁신행복주택경로당,대구광역시 동구 메디밸리로 18 (사복동)  
875,동구지회,대구혁신LH이노힐즈,대구광역시 동구 메디밸리로 35 (사복동)  
876,동구지회,대구혁신LH4단지경로당,"대구광역시 동구 경안로 956 (각산동, 대구혁신 LH4단지)  "
877,동구지회,대구혁신센텀힐즈경로당,대구광역시 동구 혁신대로 450 (대림동)  
878,동구지회,대구혁신도시서한이다음3차경로당,대구광역시 동구 혁신대로 443 (대림동)  
879,동구지회,대구혁신제일경로당,대구광역시 동구 이노밸리로29길 34(각산동)  
880,동구지회,혁신서한e스테이경로당,"대구광역시 동구 혁신대로 504(사복동, 서한e스테이)  "
881,동구지회,대구혁신도시서한이다음경로당,"대구광역시 동구 동구 이노밸리로29길 56(각산동, 서한이다음1차)  "
882,동구지회,내동경로당,대구광역시 동구 내동로6길 77-15 (내동)  
883,동구지회,도학1동경로당,대구광역시 동구 팔공산로 1467 (도학동)  
884,동구지회,미곡경로당,대구광역시 동구 용천로 38-7 (미곡동)  
885,동구지회,미대경로당,대구광역시 동구 팔공로 817 (미대동)  
886,동구지회,백안경로당,대구광역시 동구 팔공로207길 47 (백안동)  
887,동구지회,신무경로당,대구광역시 동구 용천로 399 (신무동)  
888,동구지회,용수경로당,대구광역시 동구 용천로 282 (용수동)  
889,동구지회,진인1동경로당,대구광역시 동구 갓바위로12길 35 (진인동)  
890,동구지회,구암경로당,대구광역시 동구 구암길 48 (미대동)  
891,동구지회,도학2동경로당,대구광역시 동구 도장길 69-6 (도학동)  
892,동구지회,능성경로당,대구광역시 동구 지경길 21 (능성동)  
893,동구지회,신용1동경로당,대구광역시 동구 용진길 143 (신용동)  
894,동구지회,덕곡경로당,대구광역시 동구 서촌로23길 37-1 (덕곡동)  
895,동구지회,송정2동경로당,대구광역시 동구 팔공산로23길 76 (송정동)  
896,동구지회,송정1동경로당,대구광역시 동구 팔공산로 375 (송정동)  
897,동구지회,신용2경로당,대구광역시 동구 파계로120길 63 (신용동)  
898,동구지회,중대1동경로당,대구광역시 동구 파계로116길 39  (중대동)  
899,동구지회,중대2동경로당,대구광역시 동구 파계로 558-2(중대동)  
900,동구지회,지묘1동경로당,대구광역시 동구 파계로16길 29 (지묘동)  
901,동구지회,지묘2동경로당,"대구광역시 동구 파계로19길 11, B동 2층 202호 (지묘동, 로얄빌라)  "
902,동구지회,팔공2차보성아파트경로당,대구광역시 동구 팔공로101길 55 (지묘동)  
903,동구지회,팔공보성1차경로당,대구광역시 동구 팔공로 489 (지묘동)  
904,동구지회,왕산우방아파트경로당,대구광역시 동구 파계로6길 30 (지묘동)  
905,동구지회,화성명산아파트경로당,대구광역시 동구 파계로22길 7 (지묘동)  
906,동구지회,태왕그린힐즈APT경로당,대구광역시 동구 파계로 46 (지묘동)  
907,동구지회,팔공보성3차경로당,대구광역시 동구 파계로 71 (지묘동)  
908,동구지회,진인2동경로당,대구광역시 동구 인산로 67 (진인동)  
909,동구지회,옥정경로당,대구광역시 동구 내동로 67 (내동)  
910,동구지회,태정경로당,대구광역시 동구 팔공산로 1166 (용수동)  
911,동구지회,대구연경LH천년나무2단지경로당,"대구광역시 동구 연경지묘로 153(지묘동, 대구연경LH천년나무2단지)  "
912,동구지회,뉴웰시티 경로당,"대구광역시 동구 동화천로77길 30(지묘동, LH뉴웰시티)  "
913,동구지회,연경아이파크경로당,"대구광역시 동구 동화천로 369, 111동(지묘동,대구연경아이파크)  "
914,북구지회,고성2.3가경로당,대구광역시 북구 고성북로 35-13(고성동3가)  
915,북구지회,고성A경로당,대구광역시 북구 고성북로 3(고성동2가)  
916,북구지회,장수경로당,대구광역시 북구 칠성남로 41-8(고성동2가)  
917,북구지회,오페라트루엘경로당,대구광역시 북구 고성북로 34(고성동3가)  
918,북구지회,북성경로당,대구광역시 북구 칠성남로20길 22-2(칠성동2가)  
919,북구지회,삼성A경로당,대구광역시 북구 호암로 40(칠성동2가)  
920,북구지회,성광우방타운경로당,대구광역시 북구 호암로 20(칠성동2가)  
921,북구지회,칠성경로당,대구광역시 북구 칠성남로29길 11(칠성동2가)  
922,북구지회,칠성1가경로당,대구광역시 북구 칠성시장로1길 60-3(칠성동1가)  
923,북구지회,칠성2가2동경로당,대구광역시 북구 공평로 179-6(칠성동2가)  
924,북구지회,칠성우방맨션경로당,대구광역시 북구 중앙대로105길 22(칠성동2가)  
925,북구지회,침산1차푸르지오경로당,대구광역시 북구 옥산로 103(칠성동2가)  
926,북구지회,열린경로당,대구광역시 북구 칠성로 25-12(칠성동2가)  
927,북구지회,삼성시장경로당,대구광역시 북구 칠성시장로 42(칠성동1가)  
928,북구지회,서희스타힐스경로당,대구광역시 북구 칠성남로101(칠성2가)  
929,북구지회,오페라코오롱하늘채경로당,대구광역시 북구 중앙대로 540(칠성동2가)  
930,북구지회,대구역유림노르웨이숲경로당,대구광역시 북구 칠성남로26길 11  
931,북구지회,동화타운경로당,대구광역시 북구 침산남로7길 50-21(침산동)  
932,북구지회,백사벌경로당,"대구광역시 북구 노원로48길 10, B/103(침산동, 대한빌라)  "
933,북구지회,오봉경로당,대구광역시 북구 오봉로22길 45(침산동)  
934,북구지회,진목경로당,대구광역시 북구 오봉로 142(침산동)  
935,북구지회,침산1동경로당,대구광역시 북구 침산남로9길 27(침산동)  
936,북구지회,남영타운경로당,대구광역시 북구 침산남로9길 167(침산동)  
937,북구지회,침산2동경로당,대구광역시 북구 침산남로31길 4-1  
938,북구지회,옥산경로당,대구광역시 북구 칠성시장로25길 15(침산동)  
939,북구지회,옥산할머니경로당,대구광역시 북구 침산남로44길 7-3(침산동)  
940,북구지회,침산건영하이츠경로당,대구광역시 북구 침산로 158(침산동)  
941,북구지회,침산옥석타운경로당,대구광역시 북구 침산남로31길 11(침산동)  
942,북구지회,한라스카이빌경로당,대구광역시 북구 침산로 22길 5(침산동)  
943,북구지회,화성1차A경로당,대구광역시 북구 침산남로37길 5(침산동)  
944,북구지회,화성2차A경로당,대구광역시 북구 침산남로37길 24(침산동)  
945,북구지회,롯데캐슬오페라경로당,대구광역시 북구 침산남로 160(침산동)  
946,북구지회,침산삼정그린코아경로당,대구광역시 북구 중앙대로 570(침산동)  
947,북구지회,침산동코오롱하늘채2단지경로당,대구광역시 북구 중앙대로 591(침산동)  
948,북구지회,침산동코오롱하늘채1단지경로당,대구광역시 북구 침산로22길 31(침산동)  
949,북구지회,침산화성파크드림경로당,대구광역시 북구 성북로 70(침산동)  
950,북구지회,동아1차무지개A경로당,대구광역시 북구 침산로21길 24(침산동)  
951,북구지회,동아2차무지개A경로당,대구광역시 북구 침산로21길 10(침산동)  
952,북구지회,선학경로당,대구광역시 북구 성북로 50(침산동)  
953,북구지회,일심 경로당,대구광역시 북구 성북로 8(침산동)  
954,북구지회,침산2차청구경로당,대구광역시 북구 침산남로19길 8(침산동)  
955,북구지회,침산3동경로당,대구광역시 북구 성북로5길 30(침산동)  
956,북구지회,침산3동제2경로당,대구광역시 북구 침산로48길 10(침산동)  
957,북구지회,침산동서타운경로당,대구광역시 북구 침산남로 116(침산동)  
958,북구지회,침산쌍용A경로당,대구광역시 북구 침산로21길 36(침산동)  
959,북구지회,침산우국경로당,대구광역시 북구 옥산로17길 50(침산동)  
960,북구지회,침산청구A경로당,대구광역시 북구 침산남로19길 9(침산동)  
961,북구지회,침산현대A경로당,대구광역시 북구 침산로 163(침산동)  
962,북구지회,침산3차푸르지오A경로당,대구광역시 북구 침산남로 130(침산동)  
963,북구지회,태왕리더스경로당,대구광역시 북구 침산남로 80(침산동)  
964,북구지회,명성푸르지오경로당,대구광역시 북구 침산로 153(침산동)  
965,북구지회,침산2차쌍용예가경로당,대구광역시 북구 성북로9길12(침산동)  
966,북구지회,침산메트로경로당,대구광역시 북구 침산남로90(침산동)  
967,북구지회,노원1.2가경로당,대구광역시 북구 노원로16길 88(노원동2가)  
968,북구지회,노원1가경로당,대구광역시 북구 원대로25길 19(노원동1가)  
969,북구지회,노원보성A경로당,대구광역시 북구 오봉로3길 47(노원동2가)  
970,북구지회,노원3가1동경로당,대구광역시 북구 팔달로27길 124(노원동3가)  
971,북구지회,노원3가2동경로당,대구광역시 북구 노원로23길 16-1(노원동3가)  
972,북구지회,노원3가공단경로당,대구광역시 북구 3공단로14길 18-7(노원동3가)  
973,북구지회,노원동화타운경로당,대구광역시 북구 오봉로 39(노원동2가)  
974,북구지회,대구노원한신더휴아파트경로당,대구광역시 북구 노원로10길 40(노원동3가)  
975,북구지회,매잠경로당,대구광역시 북구 연암로36길 8-1(산격동)  
976,북구지회,산격1동경로당,대구광역시 북구 연암로 86(산격동)  
977,북구지회,산격복지(제2)경로당,대구광역시 북구 연암로 183(산격동)  
978,북구지회,산격제3경로당,대구광역시 북구 연암로33길 12-1(산격동)  
979,북구지회,서당골경로당,대구광역시 북구 연암공원로 60(산격동)  
980,북구지회,금오아파트경로당,대구광역시 북구 연암로25길 11(산격동)  
981,북구지회,산격거평A경로당,대구광역시 북구 유통단지로3길 7(산격동)  
982,북구지회,산격대우A경로당,대구광역시 북구 동북로 163(산격동)  
983,북구지회,산격에덴A경로당,대구광역시 북구 동북로37길 58-17(산격동)  
984,북구지회,강변경로당,대구광역시 북구 호국로 25-3(산격동)  
985,북구지회,수정A경로당,대구광역시 북구 검단북로 22(산격동)  
986,북구지회,신기경로당,대구광역시 북구 대불서길 53-9(산격동)  
987,북구지회,대불경로당,대구광역시 북구 대불서길 19-10(산격동)  
988,북구지회,문화경로당,대구광역시 북구 동북로37길 9-17(산격동)  
989,북구지회,백세경로당,대구광역시 북구 동북로 149-3(산격동)  
990,북구지회,양우내안애경로당,대구광역시 북구 동북로 131(산격동)  
991,북구지회,버드나무골경로당,대구광역시 북구 대동로9길 8-1(산격동)  
992,북구지회,산격3동경로당,대구광역시 북구 대학로15길 16(산격동)  
993,북구지회,산격3동수산경로당,대구광역시 북구 산격로 106-4(산격동)  
994,북구지회,산격2차청구A경로당,대구광역시 북구 대구체육관로4길 2(산격동)  
995,북구지회,장수정경로당,대구광역시 북구 대구체육관로10길 22-1(산격동)  
996,북구지회,수도산경로당,대구광역시 북구 연암공원로149(산격동)  
997,북구지회,연암경로당,대구광역시 북구 연암공원로32길 64-3(산격동)  
998,북구지회,행복경로당,대구광역시 북구 산격로11길 36-5(산격동)  
999,북구지회,동진A경로당,대구광역시 북구 동북로50길 10(복현동)  
1000,북구지회,들샘경로당,대구광역시 북구 경진로4길 25-1(복현동)  
1001,북구지회,복현경로당,대구광역시 북구 경대로23길 25-5(복현동)  
1002,북구지회,광명경로당,대구광역시 북구 동북로65길 13(복현동)  
1003,북구지회,복현2차서한타운경로당,대구광역시 북구 공항로15길 8(복현동)  
1004,북구지회,복현건영경로당,대구광역시 북구 검단로 28(복현동)  
1005,북구지회,복현대백맨션경로당,대구광역시 북구 복현로 137(복현동)  
1006,북구지회,복현보성타운경로당,대구광역시 북구 검단로 64(복현동)  
1007,북구지회,복현서한경로당,대구광역시 북구 검단로 50(복현동)  
1008,북구지회,복현우방맨션경로당,대구광역시 북구 공항로 84(복현동)  
1009,북구지회,복현청구타운경로당,대구광역시 북구 검단로 34(복현동)  
1010,북구지회,복현큰마을경로당,대구광역시 북구 공항로15길 15-21(복현동)  
1011,북구지회,복현화성타운경로당,대구광역시 북구 복현로 173(복현동)  
1012,북구지회,봉우(83시영)경로당,대구광역시 북구 복현로 37(복현동)  
1013,북구지회,성화A경로당,대구광역시 북구 복현로 114-18(복현동)  
1014,북구지회,장미A경로당,대구광역시 북구 공항로 31(복현동)  
1015,북구지회,한라맨션경로당,대구광역시 북구 공항로5길 6(복현동)  
1016,북구지회,현대맨션경로당,대구광역시 북구 복현로 115(복현동)  
1017,북구지회,태왕아너스복현경로당,대구광역시 북구 복현로 105(복현동)  
1018,북구지회,소라경로당,대구광역시 북구 복현로 104-11(복현동)  
1019,북구지회,고최골경로당,대구광역시 북구 복현로20길 65-6(복현동)  
1020,북구지회,복현명문세가1단지경로당,대구광역시 북구 복현로 71(복현동)  
1021,북구지회,복현푸르지오경로당,대구광역시 북구 동북로 345  
1022,북구지회,영진경로당,대구광역시 북구 복현로 3-6  
1023,북구지회,복현아이파크아파트경로당,대구광역시 북구 동북로 241  
1024,북구지회,복현자이아파트경로당,대구광역시 북구 공항로16  
1025,북구지회,이편한세상복현경로당,대구광역시 북구 동북로247  
1026,북구지회,대현1동제1경로당,대구광역시 북구 대현로 17길 7(대현동)  
1027,북구지회,대현1동제2경로당,대구광역시 북구 대현로서15길 50-7(대현동)  
1028,북구지회,신화맨션경로당,대구광역시 북구 경대로5길 25(대현동)  
1029,북구지회,감밭경로당,대구광역시 북구 대현남로8길 5(대현동)  
1030,북구지회,대현2동경로당,대구광역시 북구 신천동로146길 9(대현동)  
1031,북구지회,대현제3경로당,대구광역시 북구 대현남로2길46(대현동)  
1032,북구지회,대현뜨란채경로당,대구광역시 북구 대현남로 28(대현동)  
1033,북구지회,대현e-편한세상경로당,대구광역시 북구 대현로10길 82(대현동)  
1034,북구지회,대현한신휴플러스경로당,대구광역시 북구 대현남로 25  
1035,북구지회,센트럴파크대현경로당,대구광역시 북구 대현남로6길 20  
1036,북구지회,검단 경로당,대구광역시 북구 검단동로4길 13-50(검단동)  
1037,북구지회,검단부녀경로당,대구광역시 북구 검단동로4길 13-50(검단동)  
1038,북구지회,민들레A경로당,대구광역시 북구 검단로 255(검단동)  
1039,북구지회,유성청구A 남경로당,대구광역시 북구 검단로 115(검단동)  
1040,북구지회,유성청구A 여경로당,대구광역시 북구 검단로 115(검단동)  
1041,북구지회,검단이팝나무경로당,"대구광역시 북구 검단동로 24-38,103호(신한빌라)  "
1042,북구지회,동변(남)경로당,대구광역시 북구 동변로24길 14(동변동)  
1043,북구지회,동변(여)경로당,대구광역시 북구 동변로24길 14(동변동)  
1044,북구지회,동서리치모아경로당,대구광역시 북구 서변로 88(서변동)  
1045,북구지회,동서변그린빌경로당,대구광역시 북구 동변로 55(동변동)  
1046,북구지회,서변 경로당,대구광역시 북구 환성정길 17-1(서변동)  
1047,북구지회,서변청아람경로당,대구광역시 북구 호국로57길 20(서변동)  
1048,북구지회,선수촌1단지경로당,대구광역시 북구 동변로 50(동변동)  
1049,북구지회,연경경로당,대구광역시 북구 도덕길 175(연경동)  
1050,북구지회,영남네오빌블루경로당,대구광역시 북구 서변로 120(서변동)  
1051,북구지회,이곡경로당,대구광역시 북구 이곡길 25(서변동)  
1052,북구지회,조야 경로당,대구광역시 북구 조야로 49(조야동)  
1053,북구지회,화성리버파크1단지경로당,대구광역시 북구 서변로 72(서변동)  
1054,북구지회,화성리버파크2단지경로당,대구광역시 북구 서변로 50(서변동)  
1055,북구지회,U대회선수촌2단지경로당,대구광역시 북구 동변로 24(동변동)  
1056,북구지회,동서변리벤빌경로당,대구광역시 북구 서변로 106(서변동)  
1057,북구지회,동서변월드메르디앙경로당,대구광역시 북구 서변로 26(서변동)  
1058,북구지회,고촌경로당,대구광역시 북구 고촌길 157-3(서변동)  
1059,북구지회,대구연경천년나무1단지아파트경로당,대구광역시 북구 동화천로 280(연경동)  
1060,북구지회,연경숲아파트경로당,대구광역시 북구 연경중앙로55(연경동)  
1061,북구지회,연경우방아이유쉘경로당,대구광역시 북구 연경중앙로11길 33  
1062,북구지회,연경예미지 숲속의아침 경로당,대구광역시 북구 연경중앙로11  
1063,북구지회,연경대광로제비앙아파트,대구광역시 북구 동화천로220  
1064,북구지회,연경동화아이위시경로당,대구광역시 북구 동화천로190  
1065,북구지회,노곡(할아버지)경로당,대구광역시 북구 노곡로 25(노곡동)  
1066,북구지회,노곡제3(할머니)경로당,대구광역시 북구 노곡로 25(노곡동)  
1067,북구지회,대백인터빌경로당,대구광역시 북구 작원길 25(팔달동)  
1068,북구지회,매남경로당,대구광역시 북구 매천로37길 26-15(매천동)  
1069,북구지회,매천경로당,대구광역시 북구 매천로동17길 17(매천동)  
1070,북구지회,문주 경로당,대구광역시 북구 문주길 11(금호동)  
1071,북구지회,삼우그린타운경로당,대구광역시 북구 매천로8길 35(매천동)  
1072,북구지회,청구장미마을경로당,대구광역시 북구 칠곡중앙대로 45(매천동)  
1073,북구지회,청구타운2001(두산위브2001)경로당,대구광역시 북구 매천로2길 19(팔달동)  
1074,북구지회,팔달경로당,대구광역시 북구 장태실길 33(팔달동)  
1075,북구지회,매천휴먼시아2단지경로당,대구광역시 북구 매전로4길 9(매천동)  
1076,북구지회,매천화성파크드림경로당,대구광역시 북구 매전로 17(매천동)  
1077,북구지회,대구금호LH천년나무1단지경로당,대구광역시 북구 한강로 55(사수동)  
1078,북구지회,금호서한이다음경로당경로당,대구광역시 북구 한강로 17(사수동)  
1079,북구지회,브라운스톤강북아파트경로당,대구광역시 북구 내곡로89(사수동)  
1080,북구지회,대구금호LH천년나무8단지경로당,대구광역시 북구 내곡로15(사수동)  
1081,북구지회,대구금호LH천년나무5단지경로당,대구광역시 북구 내곡로69(사수동)  
1082,북구지회,e편한세상대구금호경로당,대구광역시 북구 내곡로49(사수동)  
1083,북구지회,대구금호스타힐스경로당,대구광역시 북구 내곡로70(사수동)  
1084,북구지회,사수경로당,대구광역시 북구 한강로6길 4-7(사수동)  
1085,북구지회,한신더휴웨스턴팰리스아파트경로당,대구광역시 북구 매전로4길 32(매천동)  
1086,북구지회,관음타운경로당,대구광역시 북구 영송로 63(태전동)  
1087,북구지회,금정경로당,대구광역시 북구 칠곡중앙대로69길 12(태전동)  
1088,북구지회,두성1차타운경로당,대구광역시 북구 태전로7길 10-17(태전동)  
1089,북구지회,롯데아파트경로당,대구광역시 북구 구암로12(태전동)  
1090,북구지회,우방타운경로당,대구광역시 북구 매천로 220(태전동)  
1091,북구지회,은마경로당,대구광역시 북구 태전로 51(태전동)  
1092,북구지회,칠곡대백맨션(1차)경로당,대구광역시 북구 관음로 24(태전동)  
1093,북구지회,태전1동경로당,대구광역시 북구 태전로7길 10-24(태전동)  
1094,북구지회,태전3차두성타운경로당,대구광역시 북구 태전로13길 22(태전동)  
1095,북구지회,태전대백맨션(2차)경로당,대구광역시 북구 관음로 18(태전동)  
1096,북구지회,태전두전경로당,대구광역시 북구 칠곡중앙대로71길16-12(태전동)  
1097,북구지회,태전한라A경로당,대구광역시 북구 태전로7길 13(태전동)  
1098,북구지회,태전협화A경로당,대구광역시 북구 칠곡중앙대로51길 6(태전동)  
1099,북구지회,한신중앙A경로당,대구광역시 북구 영송로 85(태전동)  
1100,북구지회,한일A경로당,대구광역시 북구 칠곡중앙대로53길 32(태전동)  
1101,북구지회,수평경로당,대구광역시 북구 태전로7길 42-3(태전동)  
1102,북구지회,강북2차화성파크드림와이드경로당,대구광역시 북구 태전로3길 24(태전동)  
1103,북구지회,강북이진캐스빌경로당,대구광역시 북구 칠곡중앙대로51길 50(태전동)  
1104,북구지회,태복경로당,"대구광역시 북구 학정로7길 6, 201동101호(태전동)  "
1105,북구지회,두성파크경로당,대구광역시 북구 학정로13길 16(태전동)  
1106,북구지회,삼성A경로당,대구광역시 북구 칠곡중앙대로52길 20(태전동)  
1107,북구지회,새마을 경로당,대구광역시 북구 태암로5길 12(태전동)  
1108,북구지회,에덴팔공경로당,대구광역시 북구 구암로22길 14(태전동)  
1109,북구지회,우방미진경로당,대구광역시 북구 칠곡중앙대로52길 46(태전동)  
1110,북구지회,전원맨션경로당,대구광역시 북구 칠곡중앙대로46길 25(태전동)  
1111,북구지회,태전2동 경로당,대구광역시 북구 학정로 111-18(태전동)  
1112,북구지회,태전3차우방A경로당,대구광역시 북구 학정로 126(태전동)  
1113,북구지회,태전중석타운경로당,대구광역시 북구 학정로7길 3(태전동)  
1114,북구지회,현대1차경로당,대구광역시 북구 구암로16길 7(태전동)  
1115,북구지회,강북화성파크드림경로당,대구광역시 북구 칠곡중앙대로 312(태전동)  
1116,북구지회,태전휴먼시아1단지경로당,대구광역시 북구 매전로 73(태전동)  
1117,북구지회,샛별경로당,대구광역시 북구 팔거천서로 25-36(태전동)  
1118,북구지회,남영네오하이츠경로당,대구광역시 북구 칠곡중앙대로46길15(태전동)  
1119,북구지회,구명경로당,대구광역시 북구 학정로42길 28(구암동)  
1120,북구지회,구암제1경로당,대구광역시 북구 구암로54길 5(구암동)  
1121,북구지회,구암제2경로당,대구광역시 북구 구암로42길 14(구암동)  
1122,북구지회,그린빌3단지A경로당,대구광역시 북구 구암서로 41(구암동)  
1123,북구지회,동서영남타운경로당,대구광역시 북구 구암로 180(구암동)  
1124,북구지회,미래A경로당,대구광역시 북구 팔거천동로 52(구암동)  
1125,북구지회,신구암경로당,대구광역시 북구 태암로18길 12(구암동)  
1126,북구지회,청구타운경로당,대구광역시 북구 학정로 271(구암동)  
1127,북구지회,칠곡2차동서A경로당,대구광역시 북구 구암로32길 22(구암동)  
1128,북구지회,칠곡2차한라타운경로당,대구광역시 북구 구암로 170(구암동)  
1129,북구지회,칠곡3단지부영A경로당,대구광역시 북구 구암서로 7(구암동)  
1130,북구지회,칠곡3차서한타운경로당,대구광역시 북구 구암로32길 14(구암동)  
1131,북구지회,칠곡5단지부영A경로당,대구광역시 북구 대천로 132(구암동)  
1132,북구지회,칠곡6단지부영A경로당,대구광역시 북구 구암로49길 24(구암동)  
1133,북구지회,칠곡7단지부영A경로당,대구광역시 북구 구암로49길 10(구암동)  
1134,북구지회,칠곡건영경로당,대구광역시 북구 구암로32길 15(구암동)  
1135,북구지회,칠곡그린빌2단지경로당,대구광역시 북구 구암서로 70(구암동)  
1136,북구지회,칠곡그린빌4경로당,대구광역시 북구 구암서로 22(구암동)  
1137,북구지회,칠곡금빛타운경로당,대구광역시 북구 팔거천동로 70(구암동)  
1138,북구지회,화성그랜드파크경로당,대구광역시 북구 구암로65길 9(구암동)  
1139,북구지회,함지경로당,대구광역시 북구 구암로41길 14-7(구암동)  
1140,북구지회,관음경로당,대구광역시 북구 관음동로17길 23(관음동)  
1141,북구지회,관음한양수정A경로당,대구광역시 북구 구암로 17(관음동)  
1142,북구지회,동화타운경로당,대구광역시 북구 칠곡중앙대로95길 12(관음동)  
1143,북구지회,서한맨션경로당,대구광역시 북구 관음중앙로 6(관음동)  
1144,북구지회,한라타운경로당,대구광역시 북구 칠곡중앙대로91길 58(관음동)  
1145,북구지회,한신A경로당,대구광역시 북구 관음로 50(관음동)  
1146,북구지회,훼밀리타운경로당,대구광역시 북구 칠곡중앙대로95길 11(관음동)  
1147,북구지회,신락경로당,대구광역시 북구 관음중앙로21길 12-33(관음동)  
1148,북구지회,공작A경로당,대구광역시 북구 구암로21길 38(읍내동)  
1149,북구지회,교동경로당,"대구광역시 북구 칠곡중앙대로 605-12, 104동 102호(읍내동, 형우선경빌라)  "
1150,북구지회,대동경로당,대구광역시 북구 대천로9길 7(읍내동)  
1151,북구지회,럭키APT경로당,대구광역시 북구 팔거천서로 181(읍내동)  
1152,북구지회,말산경로당,대구광역시 북구 관음중앙로29길 5-18(읍내동)  
1153,북구지회,목련APT경로당,대구광역시 북구 구암로15길 38(읍내동)  
1154,북구지회,목화APT경로당,대구광역시 북구 대천로9길 15(읍내동)  
1155,북구지회,산호한양APT경로당,대구광역시 북구 대천로7길 40(읍내동)  
1156,북구지회,읍내2동경로당,대구광역시 북구 칠곡중앙대로526(읍내동)  
1157,북구지회,제일맨션경로당,대구광역시 북구 칠곡중앙대로 454(읍내동)  
1158,북구지회,시호정경로당,대구광역시 북구 동암로7길 83(읍내동)  
1159,북구지회,죽림경로당,대구광역시 북구 동암로7길 83(읍내동)  
1160,북구지회,중앙경로당,대구광역시 북구 칠곡중앙대로114길 10(읍내동)  
1161,북구지회,청암A경로당,대구광역시 북구 관음동로 128(읍내동)  
1162,북구지회,칠곡3차보성경로당,대구광역시 북구 칠곡중앙대로126길 7-12(읍내동)  
1163,북구지회,칠곡보성A경로당,대구광역시 북구 구암로21길 26(읍내동)  
1164,북구지회,칠곡우방타운경로당,대구광역시 북구 칠곡중앙대로115길 24(읍내동)  
1165,북구지회,코스모스A경로당,대구광역시 북구 구암로21길 6(읍내동)  
1166,북구지회,한서A경로당,대구광역시 북구 동암로7길 39(읍내동)  
1167,북구지회,현대2차A경로당,대구광역시 북구 대천로7길 26(읍내동)  
1168,북구지회,칠곡e-편한세상경로당,대구광역시 북구 칠곡중앙대로 598(읍내동)  
1169,북구지회,SD아이프라임강북경로당,대구광역시 북구 칠곡중앙대로125길 7(읍내동)  
1170,북구지회,학정역효성해링턴플레이스아파트경로당,대구광역시 북구 관음로 295(읍내동)  
1171,북구지회,읍내행복아파트경로당,대구광역시 북구 칠곡중앙대로434  
1172,북구지회,동화골든빌경로당,대구광역시 북구 동천로 156(동천동)  
1173,북구지회,들말경로당,대구광역시 북구 대천로18길 8(동천동)  
1174,북구지회,부영e그린타운경로당,대구광역시 북구 동천로24길 12(동천동)  
1175,북구지회,우방하이츠경로당,대구광역시 북구 구리로 26(동천동)  
1176,북구지회,칠곡2차보성(보성서한)경로당,대구광역시 북구 팔거천동로 104(동천동)  
1177,북구지회,칠곡2차영남경로당,대구광역시 북구 팔거천동로24길 40(동천동)  
1178,북구지회,칠곡화성타운경로당,대구광역시 북구 동천로 6(동천동)  
1179,북구지회,화성3차경로당,대구광역시 북구 대천로 101(동천동)  
1180,북구지회,화성센트럴파크경로당,대구광역시 북구 대천로 100(동천동)  
1181,북구지회,영남네오빌아트경로당,대구광역시 북구 동천로 97(동천동)  
1182,북구지회,칠곡네스빌경로당,대구광역시 북구 동천로 155(동천동)  
1183,북구지회,동천경로당,대구광역시 북구 팔거천동로26길 8-15  
1184,북구지회,동평경로당,"대구광역시 북구 팔거천동로34길 16-10, 103호(동천동)  "
1185,북구지회,국우경로당,대구광역시 북구 도남길 48(국우동)  
1186,북구지회,그린빌1단지경로당,대구광역시 북구 구리로 250(국우동)  
1187,북구지회,그린빌5단지경로당,대구광역시 북구 학남로 100(국우동)  
1188,북구지회,그린빌6단지경로당,대구광역시 북구 학정동로 10(국우동)  
1189,북구지회,도남1동경로당,대구광역시 북구 도남길 264(도남동)  
1190,북구지회,도남2동경로당,대구광역시 북구 도남길 148-15(도남동)  
1191,북구지회,동호경로당,대구광역시 북구 동호길 72-13(동호동)  
1192,북구지회,부영1단지A경로당,대구광역시 북구 학정동로 7(국우동)  
1193,북구지회,칠곡현대아파트경로당,대구광역시 북구 구리로 254(국우동)  
1194,북구지회,학수경로당,대구광역시 북구 학남로 35(학정동)  
1195,북구지회,학정1동경로당,대구광역시 북구 학정로109길 16(학정동)  
1196,북구지회,칠곡1차한라하우젠트경로당,대구광역시 북구 학남로 10(학정동)  
1197,북구지회,칠곡7주공경로당,대구광역시 북구 학남로 60(학정동)  
1198,북구지회,학정청아람경로당,대구광역시 북구 학정로110길 29(학정동)  
1199,북구지회,노본경로당,대구광역시 북구 노본길 12(학정동)  
1200,북구지회,남문고을경로당,대구광역시 북구 구리로34길 57(국우동)  
1201,북구지회,도남LH1단지경로당,대구광역시 북구 도남길96(국우동)  
1202,북구지회,힐스테이트데시앙도남4단지경로당,대구광역시 북구 도남중앙로8길 8(국우동)  
1203,북구지회,도남LH2단지경로당,대구광역시 북구 도남중앙로22길 10(도남동)  
1204,북구지회,힐스테이트데시앙도남2단지경로당,대구광역시 북구 도남길 16(국우동)  
1205,북구지회,힐스테이트데시앙도남3단지경로당,대구광역시 북구 도남중앙로7길 7(국우동)  
1206,서구지회,내서,대구광역시 서구 달구벌대로 365길 21-5(내당동)  
1207,서구지회,시영내당(아),대구광역시 서구 서대구로8길 15(내당동)  
1208,서구지회,홍실1차,대구광역시 서구 서대구로8길 49(내당동)  
1209,서구지회,황성정,대구광역시 서구 통학로 46(내당동)  
1210,서구지회,홍실2차,대구광역시 서구 통학로 39(내당동)  
1211,서구지회,이편한세상,"대구광역시 서구 달구벌대로361길 41(내당동,이편한세상)  "
1212,서구지회,장수 ,대구광역시 서구 큰장로9길 9-3(내당동)  
1213,서구지회,내당2동,대구광역시 서구 큰장로15길 14-20(내당동)  
1214,서구지회,내당,대구광역시 서구 평리로 408-13(내당동)  
1215,서구지회,천일,대구광역시 서구 달구벌대로373길 2-24(내당동)  
1216,서구지회,삼화,대구광역시 서구 달구벌대로373길 7-5(내당동)  
1217,서구지회,삼익맨션,대구광역시 서구 서대구로 25(내당동)  
1218,서구지회,광장타운,대구광역시 서구 달구벌대로 1707(내당동)  
1219,서구지회,명우,대구광역시 서구 평리로 214(내당동)  
1220,서구지회,삼익뉴타운,대구광역시 서구 평리로 236(내당동)  
1221,서구지회,내당4동,대구광역시 서구 서대구로3길 43  
1222,서구지회,내우,대구광역시 서구 당산로51길 28-5(내당동)  
1223,서구지회,코오롱,대구광역시 서구 당산로 260(내당동)  
1224,서구지회,동화타운,대구광역시 서구 달구벌대로337길 29(내당동)  
1225,서구지회,웰빙,대구광역시 서구 서대구로7길 46(내당동)  
1226,서구지회,당산,대구광역시 서구 달서로39길 24(비산동)  
1227,서구지회,원상,대구광역시 서구 통학로49길 30-27(비산동)  
1228,서구지회,만수정,대구광역시 서구 북비산로61길 34(비산동)  
1229,서구지회,비산1동,대구광역시 서구 통학로52길 30(비산동)  
1230,서구지회,거창,대구광역시 서구 북비산로61길 43-5(비산동)  
1231,서구지회,비룡,대구광역시 서구 북비산로75길 6(비산동)  
1232,서구지회,인동촌  ,대구광역시 서구 북비산로74길 17(비산동)  
1233,서구지회,달성  ,대구광역시 서구 달성공원로 13-14(비산동)  
1234,서구지회,모범,대구광역시 서구 달서로26길 35-8(비산동)  
1235,서구지회,장수,대구광역시 서구 달서로34길 13-14(비산동)  
1236,서구지회,쉼터,대구광역시 서구 달서로34길 23-6(비산동)  
1237,서구지회,상록 ,대구광역시 서구 달서로18길 42-3(비산동)  
1238,서구지회,동흔 ,대구광역시 서구 국채보상로76길 27-1(비산동)  
1239,서구지회,일구 ,대구광역시 서구 평리로85길 15(비산동)  
1240,서구지회,비산한신휴플러스,대구광역시 서구 달서로17길 17(비산동)  
1241,서구지회,비산우방아파트,대구광역시 서구 통학로24길 60(비산동)  
1242,서구지회,비산5동제1,대구광역시 서구 서대구로68길 60-9(비산동)  
1243,서구지회,비산5동제2,대구광역시 서구 달서천로61길 2-6(비산동)  
1244,서구지회,비산6동,대구광역시 서구 문화로69길 26-16(비산동)  
1245,서구지회,비산6동제2,대구광역시 서구 달서로27길 13-1(비산동)  
1246,서구지회,비산7동제1,대구광역시 서구 달서천로49안길 31-2(비산동)  
1247,서구지회,성우 ,대구광역시 서구 서대구로63안길 30-22(비산동)  
1248,서구지회,비산7동제2 ,대구광역시 서구 서대구로 346-2(비산동)  
1249,서구지회,들마을,대구광역시 서구 통학로30길 5-15(평리동)  
1250,서구지회,신도,대구광역시 서구 문화로 313-14(평리동)  
1251,서구지회,평산,대구광역시 서구 통학로40길 37-2(평리동)  
1252,서구지회,서부,대구광역시 서구 국채보상로 336-6(평리동)  
1253,서구지회,평원,대구광역시 서구 국채보상로66길 38-8(평리동)  
1254,서구지회,평리2동,대구광역시 서구 국채보상로60길 35-9(평리동)  
1255,서구지회,평리롯데캐슬,"대구광역시 서구 국채보상로 316(117동 1층, 평리동)  "
1256,서구지회,새마을,대구광역시 서구 서대구로36길 5-16(평리동)  
1257,서구지회,평안,대구광역시 서구 서대구로42길 47-15(평리동)  
1258,서구지회,서안,대구광역시 서구 북비산로 229-4(평리동)  
1259,서구지회,평리 ,대구광역시 서구 서대구로42길 67-1(평리동)  
1260,서구지회,만수,대구광역시 서구 평리로57길 15(평리동)  
1261,서구지회,청수,대구광역시 서구 국채보상로52길 27-35(평리동)  
1262,서구지회,평광,대구광역시 서구 국채보상로50길 42-37(평리동)  
1263,서구지회,장수,대구광역시 서구 평리로73길 11-15(평리동)  
1264,서구지회,평리청구아파트,대구광역시 서구 서대구로 77(평리동)  
1265,서구지회,평리푸르지오,"대구광역시 서구 국채보상로50길 20(평리동, 평리푸르지오)  "
1266,서구지회,평리5동경로당,대구광역시 서구 서대구로31길 11(평리동)  
1267,서구지회,평리6동,대구광역시 서구 서대구로45길 57-8(평리동)  
1268,서구지회,복지,대구광역시 서구 서대구로41길 10(평리동)  
1269,서구지회,새동네,대구광역시 서구 북비산로31길 11-28(평리동)  
1270,서구지회,상리1동,대구광역시 서구 새방로27길 4(상리동)  
1271,서구지회,상리2동,대구광역시 서구 가르뱅이로 63-24(상리동)  
1272,서구지회,이현,대구광역시 서구 북비산로 104-8(이현동)  
1273,서구지회,중리시영2차,대구광역시 서구 국채보상로38길 32(중리동)  
1274,서구지회,꽃동네,대구광역시 서구 평리로 221(평리동)  
1275,서구지회,두견화,대구광역시 서구 국채보상로36길 42(중리동)  
1276,서구지회,중리,대구광역시 서구 와룡로70길 66(중리동)  
1277,서구지회,진달래,대구광역시 서구 국채보상로38길 22(중리동)  
1278,서구지회,중리시영(아),대구광역시 서구 당산로 324(중리동)  
1279,서구지회,중리일송,대구광역시 서구 당산로53길 110-4(중리동)  
1280,서구지회,중리상록,대구광역시 서구 국채보상로36길 16-2(중리동)  
1281,서구지회,중리롯데캐슬,"대구광역시 서구 국채보상로34길 12(중리동, 롯데캐슬 104동)  "
1282,서구지회,"원대1,2가제1",대구광역시 서구 달서천로 405-3(원대동1가)  
1283,서구지회,"원대1,2가제2",대구광역시 서구 달서천로86길 6-10(원대동1가)  
1284,서구지회,원대3가제1,대구광역시 서구 고성로21길6(원대동3가)  
1285,서구지회,원대3가제2,대구광역시 서구 옥산로2길 7-13(원대동3가)  
1286,서구지회,금류타운,대구광역시 서구 원대로13길 2(원대동2가)  
1287,서구지회,센트럴자이,대구광역시 서구 고성로 33(원대동3가)  
1288,수성구지회,범어1동 제1경로당,대구광역시 수성구 동대구로54길 7 
1289,수성구지회,범어1동 제2경로당,대구광역시 수성구 청솔로16길 35 
1290,수성구지회,궁전맨션경로당,대구광역시 수성구 동대구로 274 
1291,수성구지회,아진맨션경로당,대구광역시 수성구 동대구로 38길 80 
1292,수성구지회,태왕유성하이빌경로당,대구광역시 수성구 동대구로 250 
1293,수성구지회,범어유림노르웨이숲경로당,대구광역시 수성구 동대구로50길 37 
1294,수성구지회,범어1동 청구푸른마을경로당,대구광역시 수성구 동대구로 240 
1295,수성구지회,범어쌍용예가아파트경로당,대구광역시 수성구 명덕로 477 
1296,수성구지회,범어롯데캐슬경로당,대구광역시 수성구 동대구로 300 
1297,수성구지회,범어2동 제1경로당,대구광역시 수성구 동원로11길 14 
1298,수성구지회,범어2동 제2경로당,대구광역시 수성구 동대구로80길 73-3 
1299,수성구지회,범어2동 두산위브더제니스경로당,대구광역시 수성구 달구벌대로 2435 
1300,수성구지회,범어3동 제1경로당,대구광역시 수성구 들안로78길 46 
1301,수성구지회,청구성조타운경로당,대구광역시 수성구 국채보상로 846 
1302,수성구지회,범어화성파크드림경로당,대구광역시 수성구 범어천로 180 
1303,수성구지회,범어태왕아너스경로당,대구광역시 수성구 상록로 41 
1304,수성구지회,래미안수성경로당,대구광역시 수성구 상록로 69 
1305,수성구지회,범어월드메르디앙 웨스턴카운티경로당,대구광역시 수성구 범어천로 200 
1306,수성구지회,범어역우방유쉘경로당,대구광역시 수성구 동대구로 345 
1307,수성구지회,범어4동제1경로당,대구광역시 수성구 청호로85길 46 
1308,수성구지회,유신경로당,대구광역시 수성구 청호로88안길 29-3 
1309,수성구지회,범어4동제2경로당,대구광역시 수성구 범어로20길 24-1 
1310,수성구지회,장원맨션경로당,대구광역시 수성구 청호로 370 
1311,수성구지회,범어가든3차경로당,대구광역시 수성구 청호로 365 
1312,수성구지회,서한두레맨션경로당,대구광역시 수성구 달구벌대로496길72 
1313,수성구지회,범어청구하이츠경로당,대구광역시 수성구 청호로84안길2 
1314,수성구지회,범어에스케이뷰경로당,대구광역시 수성구 범어로 73 
1315,수성구지회,우방청솔경로당,대구광역시 수성구 청호로 422 
1316,수성구지회,만촌1동 제1경로당,대구광역시 수성구 만촌로24길 37-20 
1317,수성구지회,느지경로당,대구광역시 수성구 화랑로40길 46 
1318,수성구지회,샘골경로당,대구광역시 수성구 공경로2길 21 
1319,수성구지회,럭키골든맨션경로당,대구광역시 수성구 효행로 24 
1320,수성구지회,만촌보성타운경로당,대구광역시 수성구 공경로 70 
1321,수성구지회,메트로팔레스5단지경로당,대구광역시 수성구 동원로 100 
1322,수성구지회,메트로팔레스2단지경로당,대구광역시 수성구 동원로 123 
1323,수성구지회,메트로팔레스1단지경로당,대구광역시 수성구 동원로 135 
1324,수성구지회,메트로팔레스3단지경로당,대구광역시 수성구 동원로 110 
1325,수성구지회,만촌화성파크스위트경로당,대구광역시 수성구 화랑로34길 141 
1326,수성구지회,만촌우방하이츠경로당,대구광역시 수성구 화랑로 26 
1327,수성구지회,지장경로당,대구광역시 수성구 무열로 65-1 
1328,수성구지회,만촌경로당,대구광역시 수성구 동원로6길 50-13 
1329,수성구지회,태왕리더스경로당,대구광역시 수성구 무열로 47 
1330,수성구지회,만촌3동 제1경로당,대구광역시 수성구 달구벌대로526안길6 
1331,수성구지회,각계경로당,대구광역시 수성구 달구벌대로530길146 
1332,수성구지회,두리봉경로당,대구광역시 수성구 달구벌대로530길92 
1333,수성구지회,두봉골경로당,대구광역시 수성구 달구벌대로 522길 121-20 
1334,수성구지회,산장맨션경로당,대구광역시 수성구 교학로 111 
1335,수성구지회,만촌2차우방타운경로당,대구광역시 수성구 교학로11길 91 
1336,수성구지회,만촌우방타운경로당,대구광역시 수성구 교학로11길 46 
1337,수성구지회,수성2차 e편한세상경로당,대구광역시 수성구 달구벌대로522길 33 
1338,수성구지회,우방팔레스경로당,대구광역시 수성구 청수로 551 
1339,수성구지회,만촌3차화성파크드림경로당,대구광역시 수성구 교학로 13 
1340,수성구지회,수성1가 제1경로당,대구광역시 수성구 수성로53길 50-4 
1341,수성구지회,수성1가 제2경로당,대구광역시 수성구 달구벌대로456길 11 
1342,수성구지회,신세계타운만수당경로당,대구광역시 수성구 신천동로 320 
1343,수성구지회,오성타운경로당,대구광역시 수성구 신천동로 380 
1344,수성구지회,태왕하이츠리버뷰경로당,대구광역시 수성구 달구벌대로454길 9 
1345,수성구지회,수성그린타운경로당,대구광역시 수성구 달구벌대로458길 17 
1346,수성구지회,한가람타운경로당,대구광역시 수성구 명덕로 368 
1347,수성구지회,삼우1차수성타운경로당,대구광역시 수성구 달구벌대로456길 19 
1348,수성구지회,수성대백인터빌경로당,대구광역시 수성구 수성로69길 14 
1349,수성구지회,영남타워경로당,대구광역시 수성구 달구벌대로456길 43 
1350,수성구지회,수성서한이다음경로당,대구광역시 수성구 수성로69길 15 
1351,수성구지회,수성동양엘레브경로당,대구광역시 수성구 명덕로73길 40 
1352,수성구지회,유성푸르나임경로당,대구광역시 수성구 수성로75길 16 
1353,수성구지회,수성롯데캐슬더퍼스트1단지경로당,대구광역시 수성구 수성로69길 70 
1354,수성구지회,수성롯데캐슬더퍼스트2단지경로당,대구광역시 수성구 수성로69길 65 
1355,수성구지회,수성롯데캐슬더퍼스트3단지경로당,대구광역시 수성구 수성로69길 41 
1356,수성구지회,한마음경로당,대구광역시 수성구 들안로52길 35-1 
1357,수성구지회,참마음경로당,대구광역시 수성구 수성로60길 45-1 
1358,수성구지회,열린경로당,대구광역시 수성구 명덕로 405-4 
1359,수성구지회,수성3가롯데캐슬경로당,대구광역시 수성구 명덕로 455 
1360,수성구지회,수성코오롱하늘채경로당,대구광역시 수성구 들안로 300 
1361,수성구지회,롬바드아파트경로당,대구광역시 수성구 들안로 325 
1362,수성구지회,수성4가경로당,대구광역시 수성구 범어천로 151 
1363,수성구지회,미수경로당,대구광역시 수성구 들안로81길 29 
1364,수성구지회,신천경로당,대구광역시 수성구 신천동로88길 1-15 
1365,수성구지회,수성보성타운경로당,대구광역시 수성구 수성로 412 
1366,수성구지회,수성화성쌍용타운경로당,대구광역시 수성구 수성로 411 
1367,수성구지회,대림e-편한세상경로당,대구광역시 수성구 들안로73길 50-7 
1368,수성구지회,우방사랑마을아파트경로당,대구광역시 수성구 달구벌대로 2317 
1369,수성구지회,수성우방팔레스경로당,대구광역시 수성구 수성로 400 
1370,수성구지회,범어삼환나우빌경로당,대구광역시 수성구 범어천로 197 
1371,수성구지회,수성데시앙경로당,대구광역시 수성구 들안로 360 
1372,수성구지회,수성롯데캐슬경로당,대구광역시 수성구 달구벌대로 2315 
1373,수성구지회,신천지타운경로당,대구광역시 수성구 청호로46길 16 
1374,수성구지회,황금종합복지관경로당,대구광역시 수성구 청수로45길 41 
1375,수성구지회,캐슬골드파크3단지경로당,대구광역시 수성구 청수로 257 
1376,수성구지회,캐슬골드파크4단지경로당,대구광역시 수성구 청수로 261 
1377,수성구지회,캐슬골드파크5단지경로당,대구광역시 수성구 청수로 214 
1378,수성구지회,캐슬골드파크1단지경로당,대구광역시 수성구 청수로 213 
1379,수성구지회,황금태왕아너스경로당,대구광역시 수성구 청호로345 
1380,수성구지회,황금힐스테이트경로당,대구광역시 수성구 청수로274 
1381,수성구지회,수성2차우방타운경로당,대구광역시 수성구 청호로 330 
1382,수성구지회,신천지하이츠경로당,대구광역시 수성구 청호로229 
1383,수성구지회,황금2동 제1경로당,대구광역시 수성구 희망로36길 32 
1384,수성구지회,황금2동 제2경로당,대구광역시 수성구 들안로40안길 7-20 
1385,수성구지회,황금미진아파트경로당,대구광역시 수성구 청솔로12길 40 
1386,수성구지회,힐스테이트황금엘포레경로당,대구광역시 수성구 청솔로 16 
1387,수성구지회,중동제1경로당,대구광역시 수성구 수성로39안길 5 
1388,수성구지회,중부리경로당,대구광역시 수성구 수성로52안길 7-10 
1389,수성구지회,상록수경로당,대구광역시 수성구 들안로29길 26-18 
1390,수성구지회,광명아파트경로당,대구광역시 수성구 수성로 165 
1391,수성구지회,서울중동경로당,대구광역시 수성구 신천동로 216 
1392,수성구지회,수성효성해링턴플레이스경로당,대구광역시 수성구 희망로24길 24 
1393,수성구지회,상동공원경로당,대구광역시 수성구 들안로13길 118 
1394,수성구지회,상동제2경로당,대구광역시 수성구 수성로15길 42-6 
1395,수성구지회,한들경로당,대구광역시 수성구 수성로32길 99 
1396,수성구지회,덕화경로당,대구광역시 수성구 들안로9길 56 
1397,수성구지회,상동청구타운경로당,대구광역시 수성구 상동247 
1398,수성구지회,정화우방팔레스경로당,대구광역시 수성구 수성로135 
1399,수성구지회,수성동일하이빌경로당,대구광역시 수성구 수성로 71 
1400,수성구지회,파동 제1경로당,대구광역시 수성구 파동로38길 45-13 
1401,수성구지회,파동 제2경로당,대구광역시 수성구 파동로18길 56 
1402,수성구지회,대자연1차경로당,대구광역시 수성구 파동로 120 
1403,수성구지회,대자연2차경로당,대구광역시 수성구 파동로 84 
1404,수성구지회,송원맨션경로당,대구광역시 수성구 파동로 223 
1405,수성구지회,동신실리안경로당,대구광역시 수성구 파동로 209 
1406,수성구지회,화성파크뷰경로당,대구광역시 수성구 파동로 19 
1407,수성구지회,청구하이츠경로당,대구광역시 수성구 파동로12길 40 
1408,수성구지회,파동 태왕리더스경로당,대구광역시 수성구 파동로 105 
1409,수성구지회,수성못코오롱하늘채경로당,대구광역시 수성구 파동로 222 
1410,수성구지회,남광타운경로당,대구광역시 수성구 파동로 22길 3 
1411,수성구지회,두산경로당,대구광역시 수성구 들안로8길 68-5 
1412,수성구지회,두산제1경로당,대구광역시 수성구 지범로21-11 
1413,수성구지회,대우트럼프월드 수성경로당,대구광역시 수성구 동대구로 59 
1414,수성구지회,수성SK리더스뷰경로당,대구광역시 수성구 동대구로 95 
1415,수성구지회,지산경로당,대구광역시 수성구 지산로11길 6-19 
1416,수성구지회,수동경로당,대구광역시 수성구 지범로31안길 3-14 
1417,수성구지회,새마을경로당,대구광역시 수성구 무학로31길 23 
1418,수성구지회,지산무학경로당,대구광역시 수성구 청수로38길 53-11 
1419,수성구지회,청산맨션경로당,대구광역시 수성구 지범로21길 15 
1420,수성구지회,지산타운경로당,대구광역시 수성구 용학로 303 
1421,수성구지회,지산서한이다음아파트경로당,대구광역시 수성구 용학로 313 
1422,수성구지회,녹원맨션경로당,대구광역시 수성구 무학로 189 
1423,수성구지회,동서맨션경로당,대구광역시 수성구 지산로 56 
1424,수성구지회,청구타운경로당,대구광역시 수성구 지산로 48 
1425,수성구지회,시영5단지복지관경로당,대구광역시 수성구 용학로 325 
1426,수성구지회,동서무학맨션경로당,대구광역시 수성구 지산로14길 83 
1427,수성구지회,보성맨션경로당,대구광역시 수성구 지범로21길 3 
1428,수성구지회,거성경로당,대구광역시 수성구 용학로48길 25-1 
1429,수성구지회,지산2동경로당,대구광역시 수성구 용학로33길 17-16 
1430,수성구지회,지산목련아파트경로당,대구광역시 수성구 용학로42길 13 
1431,수성구지회,호반송학경로당,대구광역시 수성구 용학로46길 40 
1432,수성구지회,지산우방타운경로당,대구광역시 수성구 지산로 32 
1433,수성구지회,현대맨션경로당,대구광역시 수성구 지범로22길 20 
1434,수성구지회,지산리더스경로당,대구광역시 수성구 지산로 5 
1435,수성구지회,한라타운경로당,대구광역시 수성구 지범로22길 9 
1436,수성구지회,화성맨션경로당,대구광역시 수성구 용학로35길 62 
1437,수성구지회,영남맨션경로당,대구광역시 수성구 지산로 31 
1438,수성구지회,지산에덴경로당,대구광역시 수성구 용학로 223 
1439,수성구지회,협화맨션경로당,대구광역시 수성구 지범로22길 23 
1440,수성구지회,대우로얄하이츠경로당,대구광역시 수성구 용학로36길 20 
1441,수성구지회,지산보성경로당,대구광역시 수성구 지범로22길 10 
1442,수성구지회,범물경로당,대구광역시 수성구 범안로16길 46 
1443,수성구지회,용지2단지복지관경로당,대구광역시 수성구 범안로 79 
1444,수성구지회,범물용지아파트경로당,대구광역시 수성구 범안로 77 
1445,수성구지회,범물하이츠경로당,대구광역시 수성구 용학로 336 
1446,수성구지회,보성타운경로당,대구광역시 수성구 지범로39길 56 
1447,수성구지회,범물보성맨션경로당,대구광역시 수성구 용학로 316 
1448,수성구지회,범물청구타운경로당,대구광역시 수성구 지범로39길 12 
1449,수성구지회,범물영남타운경로당,대구광역시 수성구 용학로 316 
1450,수성구지회,범물공원경로당,대구광역시 수성구 지범로 232 
1451,수성구지회,범물2동경로당,대구광역시 수성구 지범로48길 14-1 
1452,수성구지회,범물맨션경로당,대구광역시 수성구 용학로 272 
1453,수성구지회,서한화성경로당,대구광역시 수성구 지범로40길 11 
1454,수성구지회,청아맨션경로당,대구광역시 수성구 범안로 40 
1455,수성구지회,신화맨션경로당,대구광역시 수성구 지범로40길 6 
1456,수성구지회,범물동서경로당,대구광역시 수성구 범안로 40 
1457,수성구지회,삼주타운경로당,대구광역시 수성구 범안로8길 35 
1458,수성구지회,에덴타운경로당,대구광역시 수성구 지범로40길 6 
1459,수성구지회,보성송정타운경로당,대구광역시 수성구 지범로46길 43 
1460,수성구지회,두성타운경로당,대구광역시 수성구 지범로 300 
1461,수성구지회,우방미진하이츠경로당,대구광역시 수성구 지범로 290 
1462,수성구지회,청림맨션경로당,대구광역시 수성구 지범로54길 15 
1463,수성구지회,범물인앤인아파트경로당,대구광역시 수성구 지범로52길 69 
1464,수성구지회,수성하늘채르레브경로당,대구광역시 수성구 지범로48길 21 
1465,수성구지회,신매경로당,대구광역시 수성구 욱수천로 78 
1466,수성구지회,욱수경로당,대구광역시 수성구 욱수천로 15 
1467,수성구지회,신매공원경로당,대구광역시 수성구 달구벌대로650길 59-6 
1468,수성구지회,천마타운경로당,대구광역시 수성구 신매로 71 
1469,수성구지회,태성맨션경로당,대구광역시 수성구 고산로 50 
1470,수성구지회,에덴맨션경로당,대구광역시 수성구 고산로12길 34 
1471,수성구지회,"대백,신화,창신아파트경로당",대구광역시 수성구 고산로 90 
1472,수성구지회,시지두성타운경로당,대구광역시 수성구 고산로 30 
1473,수성구지회,"삼주,한라,협화아파트경로당",대구광역시 수성구 신매로 91 
1474,수성구지회,시지보성서한아파트경로당,대구광역시 수성구 신매로 21 
1475,수성구지회,시지청솔타운경로당,대구광역시 수성구 고산로 70 
1476,수성구지회,시지동서타운경로당,대구광역시 수성구 신매로 41 
1477,수성구지회,신화빌라트경로당,대구광역시 수성구 달구벌대로650길 29 
1478,수성구지회,태왕5차월드하이츠경로당,대구광역시 수성구 욱수천로 7 
1479,수성구지회,시지태왕3차하이츠경로당,대구광역시 수성구 욱수천로 77 
1480,수성구지회,태왕레전드경로당,대구광역시 수성구 욱수천로 27 
1481,수성구지회,사월화성파크드림 2단지경로당,대구광역시 수성구 달구벌대로 3304-1 
1482,수성구지회,사월화성파크드림 3단지경로당,대구광역시 수성구 달구벌대로 3304-2 
1483,수성구지회,시지효성백년가약 1단지경로당,대구광역시 수성구 달구벌대로 3280 
1484,수성구지회,시지효성백년가약 2단지경로당,대구광역시 수성구 달구벌대로 3280-1 
1485,수성구지회,웰리치시지경로당,대구광역시 수성구 욱수천로 55 
1486,수성구지회,시지경로당,대구광역시 수성구 달구벌대로619길 2 
1487,수성구지회,가천경로당,대구광역시 수성구 고모로24길 25 
1488,수성구지회,연호경로당,대구광역시 수성구 범안로91길 70 
1489,수성구지회,고모경로당,대구광역시 수성구 고모로39길 20 
1490,수성구지회,대흥경로당,대구광역시 수성구 월드컵로6길 54 
1491,수성구지회,이천경로당,대구광역시 수성구 달구벌대로574길 192-1 
1492,수성구지회,노변경로당,대구광역시 수성구 노변로 77 
1493,수성구지회,팔현경로당,대구광역시 수성구 팔현길 88-5 
1494,수성구지회,삼덕경로당,대구광역시 수성구 범안로64길 18-11 
1495,수성구지회,연호동 제2경로당,대구광역시 수성구 달구벌대로 569길 20 
1496,수성구지회,청구전원아파트경로당,대구광역시 수성구 시지로 45 
1497,수성구지회,은세계아파트경로당,대구광역시 수성구 달구벌대로 3081 
1498,수성구지회,제림은탑맨션경로당,대구광역시 수성구 천을로 49 
1499,수성구지회,노변청구타운경로당,대구광역시 수성구 시지로 21 
1500,수성구지회,고산노변타운경로당,대구광역시 수성구 시지로 55 
1501,수성구지회,노변동서우방타운경로당,대구광역시 수성구 노변공원로 22 
1502,수성구지회,노변다숲경로당,대구광역시 수성구 노변공원로 34 
1503,수성구지회,시지대백맨션경로당,대구광역시 수성구 달구벌대로625길 22 
1504,수성구지회,노변대백맨션경로당,대구광역시 수성구 노변로 11 
1505,수성구지회,수성월드메르디앙경로당,대구광역시 수성구 노변로 55 
1506,수성구지회,시지태왕아너스경로당,대구광역시 수성구 천을로 91 
1507,수성구지회,시지월드메르디앙경로당,대구광역시 수성구 천을로 70 
1508,수성구지회,아이프라임시지경로당,대구광역시 수성구 달구벌대로 3110 
1509,수성구지회,수성알파시티청아람아파트경로당,대구광역시 수성구 알파시티2로 96 
1510,수성구지회,수성알파시티 동화아이위시 경로당,대구광역시 수성구 알파시티2로 48 
1511,수성구지회,사월경로당,대구광역시 수성구 달구벌대로 3321-4 
1512,수성구지회,매호경로당,대구광역시 수성구 천을로31길 40 
1513,수성구지회,성동경로당,대구광역시 수성구 성동로 166 
1514,수성구지회,매호공원경로당,대구광역시 수성구 천을로23길 5 
1515,수성구지회,누리타운경로당,대구광역시 수성구 달구벌대로637길 21 
1516,수성구지회,하나타운경로당,대구광역시 수성구 고산로 123 
1517,수성구지회,두레타운경로당,대구광역시 수성구 천을로 131 
1518,수성구지회,매호협화타운경로당,대구광역시 수성구 천을로 181 
1519,수성구지회,동서타운학수정경로당,대구광역시 수성구 천을로 180 
1520,수성구지회,사월보성타운경로당,대구광역시 수성구 욱수천로 133 
1521,수성구지회,시지2차서한타운경로당,대구광역시 수성구 천을로31길 8 
1522,수성구지회,시지3차신매보성타운경로당,대구광역시 수성구 달구벌대로651길 23 
1523,수성구지회,신매우방타운경로당,대구광역시 수성구 달구벌대로651길 33 
1524,수성구지회,매호2차동서타운경로당,대구광역시 수성구 달구벌대로641길 8 
1525,수성구지회,시지우방하이츠경로당,대구광역시 수성구 달구벌대로645길 22 
1526,수성구지회,시지2차태왕하이츠경로당,대구광역시 수성구 천을로 170 
1527,수성구지회,시지1차태왕하이츠경로당,대구광역시 수성구 달구벌대로647길 16 
1528,수성구지회,시지태왕리더스경로당,대구광역시 수성구 달구벌대로669길 70 
1529,수성구지회,한일유앤아이경로당,대구광역시 수성구 고산로 162 
1530,수성구지회,매호화성파크드림경로당,대구광역시 수성구 달구벌대로641길 31 
1531,수성구지회,매호효성백년가약경로당,대구광역시 수성구 천을로23길 31 
1532,수성구지회,시지푸르지오경로당,대구광역시 수성구 달구벌대로661길 7 
1533,수성구지회,신매효성백년가약(청)경로당,대구광역시 수성구 달구벌대로 3233 
1534,수성구지회,신매역 우방유쉘경로당,대구광역시 수성구 천을로23길 21 
1535,수성구지회,매호청구하이츠빌경로당,대구광역시 수성구 천을로23길 26 
1536,수성구지회,시지대성유니드경로당,대구광역시 수성구 달구벌대로669길 80 
1537,수성구지회,시지동화아이위시경로당,대구광역시 수성구 달구벌대로669길 20 
1538,수성구지회,시지한신휴플러스아파트경로당,대구광역시 수성구 달구벌대로669길 50 
1539,수성구지회,아이프라임신매경로당,대구광역시 수성구 달구벌대로649길 14 
1540,수성구지회,시지3차서한이다음경로당,대구광역시 수성구 달구벌대로669길 20-20 
1541,중구지회,동인1.2가동,대구광역시 중구 국채보상로 679-13(동인동2가) 
1542,중구지회,동인4가동,대구광역시 중구 국채보상로142길 33-41(동인동4가) 
1543,중구지회,동인시티타운,대구광역시  중구국채보상로131길55(동인동1가) 
1544,중구지회,동인3가동,대구광역시 중구 동덕로38길 85(동인동3가) 
1545,중구지회,동인삼정그린,대구광역시 중구 동덕로30길 53(동인동4가) 
1546,중구지회,삼덕3가동,대구광역시 중구 달구벌대로443길 44-40(삼덕동3가) 
1547,중구지회,삼덕12가동,대구광역시 중구 공평로4길25(삼덕동2가) 
1548,중구지회,삼덕청아람,대구광역시 중구 달구벌대로 447길 77(삼덕동3가) 
1549,중구지회,봉산동,대구광역시 중구 봉산문화길1-4(봉산동) 
1550,중구지회,라이프태평아파트,대구광역시 중구 태평로 177(태평로1가) 
1551,중구지회,동성동,대구광역시 중구 교동길 79-6(교동) 
1552,중구지회,봉산뜨란채,대구광역시 중구 봉산문화길 69(봉산동) 
1553,중구지회,남성동,대구광역시 중구 약령길 33-6(계산동2가) 
1554,중구지회,북성동,대구광역시 중구 서성로14길 51-18(북내동) 
1555,중구지회,동산동,대구광역시 중구 달구벌대로401길20-17(동산동) 
1556,중구지회,신성미소시티,대구광역시 중구 달구벌대로 2051(계산동2가) 
1557,중구지회,달성동,대구광역시 중구 달성공원로 42-3(달성동) 
1558,중구지회,서성동,대구광역시 중구 서성로15길 27-1(서성로1가) 
1559,중구지회,대구역센트럴자이,대구광역시 중구 서성로 99(수창동) 
1560,중구지회,대신서문,대구광역시 중구 큰장로24안길 31-6(대신동) 
1561,중구지회,일신,대구광역시 중구 국채보상로93길31-1(대신동) 
1562,중구지회,태왕아너스스카이,대구광역시 중구 달구벌대로 1975(대신동) 
1563,중구지회,대신자이,대구광역시 중구 달구벌대로 1955(대신동) 
1564,중구지회,이편한세상대신,대구광역시 중구 달구벌대로 1943(대신동) 
1565,중구지회,남산1동,대구광역시 중구 중앙대로62길 30-3(남산동) 
1566,중구지회,남문,대구광역시 중구 228길 10-16(남산동) 
1567,중구지회,효성해링턴플레이스,대구광역시 중구 중앙대로66길 20(남산동) 
1568,중구지회,남산2동,대구광역시 중구 명륜로6길 27-1(남산동) 
1569,중구지회,대남,대구광역시 중구 명륜로6길 5(남산동) 
1570,중구지회,반월당삼정그린코아,대구광역시 중구 중앙대로67길10(남산동) 
1571,중구지회,남산롯데캐슬센트럴스카이,대구광역시 중구 재마루길 77(남산동) 
1572,중구지회,이편한세상남산경로당,대구광역시 중구 달구벌대로 2020(남산동) 
1573,중구지회,반월당역서한포레스트,대구광역시 중구 중앙대로67길 11(남산동) 
1574,중구지회,남산3동,대구광역시 중구 남산로6안길 27-57(남산동) 
1575,중구지회,보성송림,대구광역시 중구 남산로4길 91(남산동) 
1576,중구지회,극동스타클래스,"대구광역시 중구남산로 30, 104-1101(남산동) "
1577,중구지회,남산4동,대구광역시 중구 남산로3안길 11(남산동) 
1578,중구지회,남산복지관,대구광역시 중구 남산로7길 80(남산동) 
1579,중구지회,까치아파트,대구광역시 중구 남산로7길 80(남산동) 
1580,중구지회,보성황실,대구광역시 중구 남산로13길 17(남산동) 
1581,중구지회,남산그린타운,대구광역시 중구 달구벌대로 1950(남산동) 
1582,중구지회,청라센트럴파크 ,대구광역시 중구 달구벌대로 1970(남산동) 
1583,중구지회,남산휴먼시아1단지,대구광역시 중구 달구벌대로 1960(남산동) 
1584,중구지회,남산역화성파크드림,대구광역시 중구 남산로7길7(남산동) 
1585,중구지회,남산자이하늘채,대구광역시 중구 명덕로 33(대봉동) 
1586,중구지회,청운,대구광역시 중구 동덕로 33(대봉동) 
1587,중구지회,대봉1동,대구광역시 중구 달구벌대로 440길 27(대봉1동) 
1588,중구지회,센트로팰리스,대구광역시 중구 대봉로 260(대봉동) 
1589,중구지회,대봉태왕아너스,대구광역시 중구 동덕로 55(대봉동) 
1590,중구지회,대봉2동,대구광역시 중구 명륜로 138-9(대봉동) 
1591,중구지회,대봉화성파크드림,대구광역시 중구 명덕로55길 25(대봉동) 
1592,중구지회,더샵리비테르2차,대구광역시 중구 대봉로43길 22(대봉동) 
1593,중구지회,더샵리비테르1차경로당,대구광역시 중구 대봉로43길 21(대봉동) 
1594,군위군지회,동부1리경로당,대구광역시 군위군 군위읍 동서길 27 
1595,군위군지회,동부2리경로당,대구광역시 군위군 군위읍 동서5길 19 
1596,군위군지회,서부1리경로당,대구광역시 군위군 군위읍 동서길 24-30 
1597,군위군지회,서부2리경로당,대구광역시 군위군 군위읍 동서2길 14 
1598,군위군지회,LH천년나무 경로당,대구광역시 군위군 군위읍 동산새길 50 
1599,군위군지회,서부3리경로당,대구광역시 군위군 군위읍 중앙6길 9 
1600,군위군지회,금구1리경로당,대구광역시 군위군 군위읍 쇳골길 51-5 
1601,군위군지회,금구2리경로당,대구광역시 군위군 군위읍 구지길 126 
1602,군위군지회,무성1리경로당,대구광역시 군위군 군위읍 용산길 22 
1603,군위군지회,무성2리경로당,대구광역시 군위군 군위읍 무성1길 67-2 
1604,군위군지회,무성3리경로당,대구광역시 군위군 군위읍 무성3길 4 
1605,군위군지회,수서1리경로당,대구광역시 군위군 군위읍 서금로 717 
1606,군위군지회,수서2리경로당,대구광역시 군위군 군위읍 장수길 15 
1607,군위군지회,수서2리(안장수골)경로당,대구광역시 군위군 군위읍 장수길 188 
1608,군위군지회,사직1리경로당,대구광역시 군위군 군위읍 사직1길 110-1 
1609,군위군지회,사직2리경로당,대구광역시 군위군 군위읍 사직2길 49 
1610,군위군지회,내량1리경로당,대구광역시 군위군 군위읍 내량길 166 
1611,군위군지회,내량1리(태양)경로당,대구광역시 군위군 군위읍 내량1길 2 
1612,군위군지회,내량2리경로당,대구광역시 군위군 군위읍 내외량길 244 
1613,군위군지회,외량1리경로당,대구광역시 군위군 군위읍 외량1길 16 
1614,군위군지회,외량2리경로당,대구광역시 군위군 군위읍 내외량길 152 
1615,군위군지회,외량3리경로당,대구광역시 군위군 군위읍 새터길 26 
1616,군위군지회,대흥1리경로당,대구광역시 군위군 군위읍 대흥1길 14-18 
1617,군위군지회,대흥2리경로당,대구광역시 군위군 군위읍 대흥2길 19-5 
1618,군위군지회,삽령리경로당,대구광역시 군위군 군위읍 삽령길 113-5 
1619,군위군지회,대북1리경로당,대구광역시 군위군 군위읍 대북1길 8 
1620,군위군지회,대북2리경로당,대구광역시 군위군 군위읍 대북길 70-4 
1621,군위군지회,오곡리경로당,대구광역시 군위군 군위읍 오곡길 60-4 
1622,군위군지회,정1리경로당,대구광역시 군위군 군위읍 정1길 16-12 
1623,군위군지회,정2리경로당,대구광역시 군위군 군위읍 정2길 18 
1624,군위군지회,정3리경로당,대구광역시 군위군 군위읍 정3길 30-6 
1625,군위군지회,하곡리경로당,대구광역시 군위군 군위읍 하곡1길 35 
1626,군위군지회,하곡리(속골)경로당,대구광역시 군위군 군위읍 하곡2길 14 
1627,군위군지회,용대리경로당,대구광역시 군위군 군위읍 용대2길 5 
1628,군위군지회,상곡리경로당,대구광역시 군위군 군위읍 상곡1길 5 
1629,군위군지회,광현1리경로당,대구광역시 군위군 군위읍 군위금성로 617 
1630,군위군지회,광현2리경로당,대구광역시 군위군 군위읍 장대길 66 
1631,군위군지회,광현3리경로당,대구광역시 군위군 군위읍 광현길 23 
1632,군위군지회,사리1리경로당,대구광역시 군위군 소보면 만세길 46-15 
1633,군위군지회,사리2리경로당,대구광역시 군위군 소보면 사계길 219-10 
1634,군위군지회,보현1리경로당,대구광역시 군위군 소보면 소보안계로 650 
1635,군위군지회,보현2리경로당,대구광역시 군위군 소보면 보현2길 35 
1636,군위군지회,복성리경로당,대구광역시 군위군 소보면 소보안계로 460 
1637,군위군지회,위성1리경로당,대구광역시 군위군 소보면 위성1길 4 
1638,군위군지회,위성2리경로당,대구광역시 군위군 소보면 대량길 53 
1639,군위군지회,위성3리 경로당,대구광역시 군위군 소보면 위성2길 7 
1640,군위군지회,위성4리경로당,대구광역시 군위군 소보면 사촌길 263 
1641,군위군지회,달산1리경로당,대구광역시 군위군 소보면 도군로 1259 
1642,군위군지회,달산2리(법주)경로당,대구광역시 군위군 소보면 달산3길 1 
1643,군위군지회,달산2리(수철)경로당,대구광역시 군위군 소보면 달산1길 15-3 
1644,군위군지회,송원1리경로당,대구광역시 군위군 소보면 송원5길 43 
1645,군위군지회,송원2리경로당,대구광역시 군위군 소보면 송원2길 5 
1646,군위군지회,소보면여성경로당,대구광역시 군위군 소보면 송원4길 9-9 
1647,군위군지회,신계리경로당,대구광역시 군위군 소보면 도신로 845 
1648,군위군지회,도산1리경로당,대구광역시 군위군 소보면 도산길 57-1 
1649,군위군지회,도산1리(원마)경로당,대구광역시 군위군 소보면 신원길 35-6 
1650,군위군지회,도산2리경로당,대구광역시 군위군 소보면 칠봉길 169 
1651,군위군지회,서경리경로당,대구광역시 군위군 소보면 송백로 1145 
1652,군위군지회,서경(용수)경로당,대구광역시 군위군 소보면 서경2길 171 
1653,군위군지회,평호리경로당,대구광역시 군위군 소보면 평호길 149 
1654,군위군지회,평호리(평지)경로당,대구광역시 군위군 소보면 송백로 1075 
1655,군위군지회,산법리경로당,대구광역시 군위군 소보면 산법길 8 
1656,군위군지회,내의1리경로당,대구광역시 군위군 소보면 하량길 21 
1657,군위군지회,내의1리(상암)경로당,대구광역시 군위군 소보면 봉내길 250 
1658,군위군지회,내의2리경로당,대구광역시 군위군 소보면 내의길 365-3 
1659,군위군지회,내의3리경로당,대구광역시 군위군 소보면 내의길 753 
1660,군위군지회,봉황1리경로당,대구광역시 군위군 소보면 봉황1길 38 
1661,군위군지회,봉황2리경로당,대구광역시 군위군 소보면 도군로 1828 
1662,군위군지회,봉황3리경로당,대구광역시 군위군 소보면 달천길 6 
1663,군위군지회,봉소리경로당,대구광역시 군위군 소보면 봉소2길 146 
1664,군위군지회,봉소리(하소)경로당,대구광역시 군위군 소보면 봉소1길 55-6 
1665,군위군지회,노행1리경로당,대구광역시 군위군 효령면 노행길 164 
1666,군위군지회,노행2리경로당,대구광역시 군위군 효령면 노행길 306 
1667,군위군지회,오천리경로당,대구광역시 군위군 효령면 오천1길 6 
1668,군위군지회,성1리경로당,대구광역시 군위군 효령면 성1길 47 
1669,군위군지회,성2리경로당,대구광역시 군위군 효령면 성3길 71 
1670,군위군지회,병수1리경로당,대구광역시 군위군 효령면 간동길 19 
1671,군위군지회,병수2리경로당,대구광역시 군위군 효령면 배방길 142-1 
1672,군위군지회,불로리경로당,대구광역시 군위군 효령면 불로길 114-2 
1673,군위군지회,내리리경로당,대구광역시 군위군 효령면 불곡길 152-1 
1674,군위군지회,중구1리경로당,대구광역시 군위군 효령면 중구2길 18-36 
1675,군위군지회,중구2리경로당,대구광역시 군위군 효령면 중리길 9 
1676,군위군지회,장기1리경로당,대구광역시 군위군 효령면 금산길 18-1 
1677,군위군지회,장기2리경로당,대구광역시 군위군 효령면 내동길 57-6 
1678,군위군지회,장기3리경로당,대구광역시 군위군 효령면 고암길 29 
1679,군위군지회,장군1리경로당,대구광역시 군위군 효령면 나곡길 1 
1680,군위군지회,장군2리경로당,대구광역시 군위군 효령면 장군당2길 24 
1681,군위군지회,장군3리경로당,대구광역시 군위군 효령면 장군로 831-20 
1682,군위군지회,장군4리경로당,대구광역시 군위군 효령면 녹동길 146 
1683,군위군지회,고곡1리경로당,대구광역시 군위군 효령면 하평길 58 
1684,군위군지회,고곡2리경로당,대구광역시 군위군 효령면 마사길 9 
1685,군위군지회,고곡2리(한실)경로당,대구광역시 군위군 효령면 한실길 9 
1686,군위군지회,고곡3리경로당,대구광역시 군위군 효령면 서고암2길 7-1 
1687,군위군지회,매곡1리(상평)경로당,대구광역시 군위군 효령면 용매로 851 
1688,군위군지회,매곡1리(수동)경로당,대구광역시 군위군 효령면 용매로 814-1 
1689,군위군지회,매곡2리경로당,대구광역시 군위군 효령면 용매로 742 
1690,군위군지회,거매리경로당,대구광역시 군위군 효령면 거매2길 34-21 
1691,군위군지회,거매리(여름실)경로당,대구광역시 군위군 효령면 거매1길 87 
1692,군위군지회,금매1리경로당,대구광역시 군위군 효령면 신매길 24-5 
1693,군위군지회,금매2리경로당,대구광역시 군위군 효령면 삽실길 65-12 
1694,군위군지회,화계1리경로당,대구광역시 군위군 효령면 소계길 42 
1695,군위군지회,화계2리경로당,대구광역시 군위군 효령면 신월길 11-2 
1696,군위군지회,화계3리경로당,대구광역시 군위군 효령면 화계봉산길 46 
1697,군위군지회,화계3리(홍골)경로당,대구광역시 군위군 효령면 화계봉산길 131-3 
1698,군위군지회,마시1리경로당,대구광역시 군위군 효령면 마시길 33 
1699,군위군지회,마시2리경로당,대구광역시 군위군 효령면 덕동길 96-3 
1700,군위군지회,창평1리경로당,대구광역시 군위군 부계면 창평길 25-13 
1701,군위군지회,창평2리경로당,대구광역시 군위군 부계면 남방길 44 
1702,군위군지회,가호1리경로당,대구광역시 군위군 부계면 한티로 2483 
1703,군위군지회,가호2리경로당,대구광역시 군위군 부계면 가호1길 276 
1704,군위군지회,춘산리(양지)경로당,대구광역시 군위군 부계면 춘산2길 38 
1705,군위군지회,춘산리(현창)경로당,대구광역시 군위군 부계면 춘산1길 32 
1706,군위군지회,대율1리경로당,대구광역시 군위군 부계면 한티로 2146-1 
1707,군위군지회,대율2리경로당,대구광역시 군위군 부계면 한티로 2117 
1708,군위군지회,동산1리경로당,대구광역시 군위군 부계면 동산2길 37 
1709,군위군지회,동산2리경로당,대구광역시 군위군 부계면 동산1길 26 
1710,군위군지회,남산1리(서원)경로당,대구광역시 군위군 부계면 남산4길 27-22 
1711,군위군지회,남산1리(각골)경로당,대구광역시 군위군 부계면 남산3길 38 
1712,군위군지회,남산2리(둔덕)경로당,대구광역시 군위군 부계면 한티로 1732 
1713,군위군지회,남산2리(멀미)경로당,대구광역시 군위군 부계면 남산2길 70 
1714,군위군지회,명산리경로당,대구광역시 군위군 부계면 마명길 195 
1715,군위군지회,신화1리경로당,대구광역시 군위군 부계면 신화2길 9-8 
1716,군위군지회,신화2리경로당,대구광역시 군위군 부계면 신화3길 251 
1717,군위군지회,나호1리경로당,대구광역시 군위군 우보면 아랫라불길 17 
1718,군위군지회,나호2리경로당,대구광역시 군위군 우보면 진밭길 57 
1719,군위군지회,나호3리경로당,대구광역시 군위군 우보면 윗라불길 16-20 
1720,군위군지회,이화1리경로당,대구광역시 군위군 우보면 이화길 148 
1721,군위군지회,이화1리(호포)경로당,대구광역시 군위군 우보면 이화1길 26-9 
1722,군위군지회,이화2리경로당,대구광역시 군위군 우보면 이화길 175 
1723,군위군지회,이화3리경로당,대구광역시 군위군 우보면 동부로 1468 
1724,군위군지회,이화3리(백양)경로당,대구광역시 군위군 우보면 동부로 1380-3 
1725,군위군지회,두북리경로당,대구광역시 군위군 우보면 두북3길 14 
1726,군위군지회,두북리(기와골)경로당,대구광역시 군위군 우보면 두북리456 
1727,군위군지회,선곡1리경로당,대구광역시 군위군 우보면 원곡길 11 
1728,군위군지회,선곡2리경로당,대구광역시 군위군 우보면 선동길 166 
1729,군위군지회,선곡3리경로당,대구광역시 군위군 우보면 사답길 19 
1730,군위군지회,미성1리경로당,대구광역시 군위군 우보면 미성4길 12-6 
1731,군위군지회,미성1리(새마)경로당,대구광역시 군위군 우보면 미성2길 7 
1732,군위군지회,미성1리(길동)경로당,대구광역시 군위군 우보면 미성5길 60 
1733,군위군지회,미성2리경로당,대구광역시 군위군 우보면 미성3길 61-14 
1734,군위군지회,모산리경로당,대구광역시 군위군 우보면 문산3길 2 
1735,군위군지회,모산리(옥전)경로당,대구광역시 군위군 우보면 옥전길 13 
1736,군위군지회,문덕1리경로당,대구광역시 군위군 우보면 철길로 159 
1737,군위군지회,문덕2리경로당,대구광역시 군위군 우보면 거평길 160 
1738,군위군지회,달산1리경로당,대구광역시 군위군 우보면 화계봉산길 505 
1739,군위군지회,달산2리경로당,대구광역시 군위군 우보면 고산길 6 
1740,군위군지회,봉산1리경로당,대구광역시 군위군 우보면 화계봉산길 847 
1741,군위군지회,봉산1리(외원당)경로당,대구광역시 군위군 우보면 봉산2길 28-10 
1742,군위군지회,봉산2리경로당,대구광역시 군위군 우보면 봉산4길 5 
1743,군위군지회,봉산2리(지경)경로당,대구광역시 군위군 우보면 봉산4길 109-36 
1744,군위군지회,읍내1리경로당,대구광역시 군위군 의흥면 읍내2길 21 
1745,군위군지회,읍내2리경로당,대구광역시 군위군 의흥면 읍내6길 6 
1746,군위군지회,수북1리경로당,대구광역시 군위군 의흥면 수북1길 78-4 
1747,군위군지회,수북2리경로당,대구광역시 군위군 의흥면 수북1길 23 
1748,군위군지회,수북3리경로당,대구광역시 군위군 의흥면 수북3길 277 
1749,군위군지회,수서1리경로당,대구광역시 군위군 의흥면 수서1길45-5 
1750,군위군지회,수서2리경로당,대구광역시 군위군 의흥면 수서2길43-3 
1751,군위군지회,이지1리경로당,대구광역시 군위군 의흥면 배일길40 
1752,군위군지회,이지2리경로당,대구광역시 군위군 의흥면 가지골길53 
1753,군위군지회,파전리경로당,대구광역시 군위군 의흥면 파전길3 
1754,군위군지회,신덕1리경로당,대구광역시 군위군 의흥면 파전신덕길145 
1755,군위군지회,신덕2리경로당,대구광역시 군위군 의흥면 신덕길78 
1756,군위군지회,신덕2리(덕골)경로당,대구광역시 군위군 의흥면 파전신덕길186-1 
1757,군위군지회,지호1리경로당,대구광역시 군위군 의흥면 지호1길12-4 
1758,군위군지회,지호2리경로당,대구광역시 군위군 의흥면 지호2길31 
1759,군위군지회,지호3리경로당,대구광역시 군위군 의흥면 지호3길23 
1760,군위군지회,연계1리경로당,대구광역시 군위군 의흥면 백연길1 
1761,군위군지회,연계2리경로당,대구광역시 군위군 의흥면 동부로650 
1762,군위군지회,매성1리경로당,대구광역시 군위군 의흥면 아랫매성길10 
1763,군위군지회,매성2리경로당,대구광역시 군위군 의흥면 윗매성길8 
1764,군위군지회,금양1리경로당,대구광역시 군위군 의흥면 금양3길8 
1765,군위군지회,금양1리(새터)경로당,대구광역시 군위군 의흥면 금양2길 22-8 
1766,군위군지회,금양1리(행골)경로당,대구광역시 군위군 의흥면 원산금양길 420 
1767,군위군지회,금양2리경로당,대구광역시 군위군 의흥면 금양4길 22-5 
1768,군위군지회,원산1리경로당,대구광역시 군위군 의흥면 원산2길 41 
1769,군위군지회,원산2리경로당,대구광역시 군위군 의흥면 원산3길 51-4 
1770,군위군지회,원산3리경로당,대구광역시 군위군 의흥면 원산2길10-3 
1771,군위군지회,원산3리(샛터)경로당,대구광역시 군위군 의흥면 원산1길22-18 
1772,군위군지회,백학1리경로당,대구광역시 군위군 산성면 치산효령로 919-2 
1773,군위군지회,백학2리경로당,대구광역시 군위군 산성면 백학길208 
1774,군위군지회,삼산1리경로당,대구광역시 군위군 산성면 범하1길21 
1775,군위군지회,삼산2리경로당,대구광역시 군위군 산성면 범상길4 
1776,군위군지회,봉림1리경로당,대구광역시 군위군 산성면 범박길101 
1777,군위군지회,봉림2리경로당,대구광역시 군위군 산성면 갑티로76 
1778,군위군지회,무암1리경로당,대구광역시 군위군 산성면 만석길30 
1779,군위군지회,무암1리(옥정)경로당,대구광역시 군위군 산성면 옥정길26 
1780,군위군지회,무암2리경로당,대구광역시 군위군 산성면 아치길100 
1781,군위군지회,운산리경로당,대구광역시 군위군 산성면 산성가음로 527 
1782,군위군지회,화본1리경로당,대구광역시 군위군 산성면 산성가음로 685 
1783,군위군지회,화본2리경로당,대구광역시 군위군 산성면 부흥로538 
1784,군위군지회,화본3리경로당,대구광역시 군위군 산성면 상동길4 
1785,군위군지회,화전1리경로당,대구광역시 군위군 산성면 화전1길131 
1786,군위군지회,화전2리경로당,대구광역시 군위군 산성면 화전2길36 
1787,군위군지회,화수1리경로당,대구광역시 군위군 삼국유사면 화수길 12 
1788,군위군지회,화수2리경로당,대구광역시 군위군 삼국유사면 넌덕길 17 
1789,군위군지회,화북1리경로당,대구광역시 군위군 삼국유사면 화북1길 12-8 
1790,군위군지회,화북2리경로당,대구광역시 군위군 삼국유사면 화북2길 187 
1791,군위군지회,화북3리경로당,대구광역시 군위군 삼국유사면 화북3길 6 
1792,군위군지회,화북4리 경로당,대구광역시 군위군 삼국유사면 화산길 619-26 
1793,군위군지회,괴산리경로당,대구광역시 군위군 삼국유사면 괴산길 353 
1794,군위군지회,학성리경로당,대구광역시 군위군 삼국유사면 삼국유사로 448 
1795,군위군지회,학성2리경로당,대구광역시 군위군 삼국유사면 안용아길 223 
1796,군위군지회,인곡리경로당,대구광역시 군위군 삼국유사면 인곡1길 335 
1797,군위군지회,양지리경로당,대구광역시 군위군 삼국유사면 삼국유사로 1027 
1798,군위군지회,낙전리경로당,대구광역시 군위군 삼국유사면 아미산로 350 
1799,군위군지회,가암1리경로당,대구광역시 군위군 삼국유사면 아미산로 109 
1800,군위군지회,가암2리경로당,대구광역시 군위군 삼국유사면 가암2길 99 
1801,군위군지회,가암2리(백암)경로당,대구광역시 군위군 삼국유사면 가암2길 248-6 
1802,군위군지회,석산리경로당,대구광역시 군위군 삼국유사면 석산길 15-12 
1803,군위군지회,석산리(석정)경로당,대구광역시 군위군 삼국유사면 석정길 15 
1804,군위군지회,학암1리경로당,대구광역시 군위군 삼국유사면 학암1길 56-2 
1805,군위군지회,학암2리경로당,대구광역시 군위군 삼국유사면 학암2길 36 
1806,군위군지회,학암2리(동부)경로당,대구광역시 군위군 삼국유사면 학암3길 28 
